1,13939100,1,\xb7d9945166e3da89ee4c0947230753d656d116a5,13939100
2,13939103,2,\xb7d9945166e3da89ee4c0947230753d656d116a5,13939103
3,14094906,3,\x888e7b5167c066568435fc5989bed01f55f7e6a8,14094906
4,13916491,4,\x1daa36ce317b704b2a26c02af90a02aa572dc49a,13916491
5,13967130,5,\xfe192ec5f16cee038e70afd28a42fb466d8e2569,13967130
6,13994735,6,\x826289091ec2ce281214085ee8264736ee2afe0e,13994735
7,13945915,7,\x14b95ed55c0825a30c5bf6d4905379e06749b117,13945915
8,13827470,8,\xcab7784e3f16a2629f0ed194dbf21fcc8230e169,13827470
9,13945915,9,\x14b95ed55c0825a30c5bf6d4905379e06749b117,13945915
10,13943934,10,\x6cd68e8f04490cd1a5a21cc97cc8bc15b47dc9eb,13943934
11,13943959,11,\x6cd68e8f04490cd1a5a21cc97cc8bc15b47dc9eb,13943959
12,13838222,12,\xde708decb61d06ee30a95051dd203f43e0d44c70,13838222
13,14113829,13,\xb6b40ac396309e2f27669191a794e54ed2ba6d3c,14113829
14,14124727,14,\x7d4c4d5380ca2f9c7a091bb622b80613da7eae8c,14124727
15,14075861,15,\x7ca38bac0a7c2d603e0d877f2c16e6792d7e9ee5,14075861
16,13838489,16,\x951b6d50d07c39b0f97a7bb2f5c1e96f07a093d3,13838489
17,13875649,17,\x799d4cb5a154b141a5a5735fe652d49e133ca42a,13875649
18,13951364,18,\x24bec32db77a419725477f9942eaf38780389501,13951364
19,13863813,19,\x9619d3fa1f29c1de8fcfacedc07321637c1f0c3b,13863813
20,13931279,20,\x7ff8eb786b62d9b1754cc5d9e8817486953da2e1,13931279
21,13859761,21,\xb9ccfc18b941a2cc51a956aa6c83360eb9d58de7,13859761
22,13846358,22,\xaae99871b32a731ddeaeee18517e365ebe44f395,13846358
23,13912384,23,\x1016dc63c665ed1389dc2c98b32a2fd48ca4f254,13912384
24,14055026,24,\x47baba9b83c7cd484297e771d99076e904647511,14055026
25,13844674,25,\xdfcafc3b9dc57ee71486e840b3c56b8abc22f6d9,13844674
26,13827858,26,\x4bed23c363f51c4ff842eb0c1cded2010e4491a5,13827858
27,14025358,27,\xa63fdb9ea2a842ceae394e0641afd667de087b76,14025358
28,14034120,28,\xfe202706e36f31afbaf4b4543c2a8bba4ddb2dee,14034120
29,13875015,29,\x38fd0b5e45cce5dd2e84776da4b0a88fdb8b2ee4,13875015
30,13883243,30,\x2205d30dc11c02a7e278ceb24c2c977d4be9b126,13883243
31,13955139,31,\xfe192ec5f16cee038e70afd28a42fb466d8e2569,13955139
32,13838684,32,\xb4521c8576e49195b65dfa759bc0110725e87ffb,13838684
33,13859479,33,\x99fe1a841d59379acd34da92ad01cf4244e73475,13859479
34,13879288,34,\x14aa7cfdacec1aeb55175dc31adcfddfe467f567,13879288
35,13871236,35,\xcbfab6e97b757c13bd77822a8e2c730de3a9e9c4,13871236
36,14050969,36,\x99ec5fc2b35320ffb64b0ef55b231866b3acd727,14050969
37,14023603,37,\x6a4a0964eb5442b76e32150bf0945f58252ebb80,14023603
38,13841680,38,\x69a263804bc8ea966095ea21aea58b9ea6bf52a7,13841680
39,13847587,39,\xb6b595860818aa8b21e39d3bc7c8eccace1db225,13847587
40,14023445,40,\x7d4c4d5380ca2f9c7a091bb622b80613da7eae8c,14023445
41,13841289,41,\x9fecf056375a973308bb3d6fb6b1c230cfd21456,13841289
42,13940887,42,\x9c7141e5865a0e3653e6f102ed4ce8110a760874,13940887
43,13937515,43,\x2ec8c099ce47358695097d8ae9bd8554619d4d6f,13937515
44,13968128,44,\x51ec5e1b8b3c4c6bae49619e657f94c4ad577b45,13968128
45,13841680,45,\x69a263804bc8ea966095ea21aea58b9ea6bf52a7,13841680
46,13841298,46,\xd9ec86bd02f88f7888c70a0bbfd8fc47c7e7332f,13841298
47,13940779,47,\x7d26d3bd8e5eee24697ecdf4f7b41c2ca2f92f30,13940779
48,14124727,48,\x7d4c4d5380ca2f9c7a091bb622b80613da7eae8c,14124727
49,13882372,49,\x38fd0b5e45cce5dd2e84776da4b0a88fdb8b2ee4,13882372
50,13928058,50,\x0508c3a6cb083b03d760a2cd7bd28a0a32a63e84,13928058
51,13848048,51,\xae358ee96444349e2bb5a756784071e33fcfb236,13848048
52,13846358,52,\xaae99871b32a731ddeaeee18517e365ebe44f395,13846358
53,14001093,53,\x66b333423409d3ae4008d6fcc84aadaa8d31a0c1,14001093
54,13945101,54,\x0b13f13c0e99f24b96a835b787d1347b33d87776,13945101
55,13911792,55,\x13c79ea0db12eae112a3c1c15b1eaf559297b8a8,13911792
56,14020764,56,\xcadf27617c932594d840b220e39db61b46bc4720,14020764
57,13819829,57,\x078e88e465f2a430399e319d57543a7a76e97668,13819829
58,13843492,58,\xf384b27bd8f38d49b6704b355d51333ff5243e65,13843492
59,13946336,59,\x9a01f74bd2c9f2d25dc06d6a29ee1350478d2fd2,13946336
60,13847204,60,\x1ef8a0024942433871ba035bf14e4015e7583a77,13847204
61,13846358,61,\xaae99871b32a731ddeaeee18517e365ebe44f395,13846358
62,13864008,62,\x6003b604d127fc932e95d48c40fa4fec52324f18,13864008
63,14042456,63,\x22055b8bba54e9ae57672afa1aebd71d3e393115,14042456
64,13820682,64,\x5b4672cffee5e64a2a7d17c157abdb4edffbe3df,13820682
65,13821981,65,\xd983072e9b02ec3fb1a54144fd7754d7e5712a15,13821981
66,13825235,66,\x5b4672cffee5e64a2a7d17c157abdb4edffbe3df,13825235
67,14101658,67,\x21cf5649ee1a9362202ebff266ef7bbc8c26a917,14101658
68,13820161,68,\xfd228ad490f8bbadbeccdd30f188b11fcf31a63a,13820161
69,14044258,69,\xd97e1ae149259a5ccfb23395e1ab8810acd114a8,14044258
70,13840835,70,\x1cbd934eaf49fe310ba4e27606029c9def0168e3,13840835
71,13879288,71,\x14aa7cfdacec1aeb55175dc31adcfddfe467f567,13879288
72,13860692,72,\xcdef7d2119f61f3ca94359ebbc49b1c19efbd384,13860692
73,13838426,73,\x4bea1fbffa98b51762897fe821539a9768869765,13838426
74,13838406,74,\x4bea1fbffa98b51762897fe821539a9768869765,13838406
75,13838539,75,\x4bea1fbffa98b51762897fe821539a9768869765,13838539
76,13942309,76,\x26c1e466ce41070585d6876dc17b7bd9295c41d5,13942309
77,13999735,77,\x66b333423409d3ae4008d6fcc84aadaa8d31a0c1,13999735
78,13930678,78,\xa0f899b0d87510b33f0926f1cb09ed1cfa93bd2f,13930678
79,13930678,79,\xa0f899b0d87510b33f0926f1cb09ed1cfa93bd2f,13930678
80,13930678,80,\xa0f899b0d87510b33f0926f1cb09ed1cfa93bd2f,13930678
81,13861440,81,\xf568b4ea972ae15f69453d96fa172093971a6304,13861440
82,13911792,82,\x13c79ea0db12eae112a3c1c15b1eaf559297b8a8,13911792
83,13945101,83,\x0b13f13c0e99f24b96a835b787d1347b33d87776,13945101
84,13816403,84,\x8d56bf499968cde8b7ed974d45afbfab7ee4addf,13816403
85,13816483,85,\x8d56bf499968cde8b7ed974d45afbfab7ee4addf,13816483
86,14070541,86,\xbabecf3350b64fbc103edd7d61a541edaa91bc47,14070541
87,14024083,87,\x77bf350a791cf3b166e0f38b41cec390d37d3f63,14024083
88,13943064,88,\xaf3fbe8389eb7f8a9cf6c5f3c640085e0ed92c22,13943064
89,14059873,89,\xf4fcc2d19ae692a7aeb7d540139a37c7af1205c4,14059873
90,13864288,90,\xd3143da6441611570a85a855d842b1d4f55bc28b,13864288
91,13939085,91,\x6b9e3ef4de7e676bd0ba4bc7b12596a983531103,13939085
92,13942696,92,\xc315231efc43290770d310230faef444014b1d8d,13942696
93,14101658,93,\x21cf5649ee1a9362202ebff266ef7bbc8c26a917,14101658
94,13935323,94,\x906b2c6a6886fd3aaea88cbb9eb2b530aa62c1ac,13935323
95,13968135,95,\xdd1e6fee5428f89391963adc501d6a5fb9d9997e,13968135
96,14025358,96,\xa63fdb9ea2a842ceae394e0641afd667de087b76,14025358
97,14122436,97,\xddd75df073742bf91bf68fffabdfbc2f75ca37ab,14122436
98,13987936,98,\x20cf2a0309739449aa7e17374b8d361def13c0bd,13987936
99,13949228,99,\x976e240875874067c89caa2e31027dc7f7c47abe,13949228
100,13842796,100,\xb19227ef143f10e04af47df58a8518bea21230d7,13842796
101,14094181,101,\xafe6520e39b77158e15b3377c1528b590a887800,14094181
102,13835911,102,\x716759e8ab31cdb4bca2f693a979b23e6020d4bb,13835911
103,13847161,103,\x1ef8a0024942433871ba035bf14e4015e7583a77,13847161
104,13945101,104,\x0b13f13c0e99f24b96a835b787d1347b33d87776,13945101
105,13828137,105,\x7ca2b8b8a6c81cbd6d69267bc7854273d048294d,13828137
106,13818547,106,\x609fec828e13dbfb6ca8668df22295b6e08b477c,13818547
107,13942584,107,\x1d1503479f7b0dc767cff26b2e3d232f2bddf483,13942584
108,13845361,108,\x02ed30865c7e66cc6ceaeb9c3b6aa8643b98ac9a,13845361
109,13824868,109,\x7ca2b8b8a6c81cbd6d69267bc7854273d048294d,13824868
110,13908408,110,\x94fc0c2446624e4a1832c12a4712ca110f3c5e3c,13908408
111,14024404,111,\xdf41a9cb5573df1c07b0fb0317b8c85cd5480644,14024404
112,13939228,112,\x6c1d01b3ae9494ed72666b413409fc8d0d46ece0,13939228
113,13865724,113,\x153ef55ad7d916a25dc9e5e5cf4f87d5faea339d,13865724
114,13911792,114,\x13c79ea0db12eae112a3c1c15b1eaf559297b8a8,13911792
115,13911792,115,\x13c79ea0db12eae112a3c1c15b1eaf559297b8a8,13911792
116,13979588,116,\xfe192ec5f16cee038e70afd28a42fb466d8e2569,13979588
117,13941809,117,\x57524efc73e194e4f19dc1606fb7a3e1dbf719b3,13941809
118,13931284,118,\x1a3becc3fa08cc6aebd0f43cdc069ba95713b856,13931284
119,14085596,119,\x66b333423409d3ae4008d6fcc84aadaa8d31a0c1,14085596
120,13931306,120,\xf1762d4e77edbca03b6038f9e99d1a155aded38c,13931306
121,13939281,121,\x7ccd5b89ba30b63d39f5582eef3927e93c8ebef0,13939281
122,13937202,122,\xdc0b3127a71367227311f02fe4dda2a6ccdbae78,13937202
123,13845736,123,\xcca178a04d83af193330c7927fb9a42212fb1c25,13845736
124,14022387,124,\xf97f757ed3aa1ef705f2957698a2b3b2cf2dcebb,14022387
125,13822836,125,\x38fd0b5e45cce5dd2e84776da4b0a88fdb8b2ee4,13822836
126,13827858,126,\x4bed23c363f51c4ff842eb0c1cded2010e4491a5,13827858
127,13941145,127,\x8fd8a163a699cca2295c7df984a6e914f7a07376,13941145
128,13981034,128,\x8bace3a49a375027868cdd34e84521eed1f1b01d,13981034
129,13847845,129,\x5c4a64abd18c714bde447bf32a8a34edd3b63e25,13847845
130,13845259,130,\xc339cb9f3e017b0c71e15804bb7b1e23f3ce2ecc,13845259
131,14089841,131,\x952fab3b5494e72c3bdc5cf2c156a4061e21eecc,14089841
132,13845269,132,\xc339cb9f3e017b0c71e15804bb7b1e23f3ce2ecc,13845269
133,13823175,133,\x7ca2b8b8a6c81cbd6d69267bc7854273d048294d,13823175
134,13846913,134,\x041fa6a56cc203b210dbad9ee45dc08c1f88aba3,13846913
135,13841147,135,\xcf2ec48b75ac38844aad7c01a32f0ed1f319aedf,13841147
136,13841151,136,\xcf2ec48b75ac38844aad7c01a32f0ed1f319aedf,13841151
137,13940382,137,\xd7ddf70125342f44e65ccbafae5135f2bb6526bb,13940382
138,13841199,138,\xb03dfb23338df6fe1762739c23bd7d8213c043aa,13841199
139,13944278,139,\xb5f93a176e012076aa91f9257bbd5fda7a4dff43,13944278
140,13935376,140,\x7ca38bac0a7c2d603e0d877f2c16e6792d7e9ee5,13935376
141,13945460,141,\x62da82e43d41e231479cc6f4943e30912030dc5c,13945460
142,14115259,142,\x8fac841807e21807f511daf3c04a34cd78661f4c,14115259
143,13824868,143,\x7ca2b8b8a6c81cbd6d69267bc7854273d048294d,13824868
144,13993349,144,\x5eb67a3b141f3036899ee77822a41277166c540e,13993349
145,14028884,145,\x3c14b967cdabe4c2af2c19d684f0f047b3b15143,14028884
146,13950816,146,\x7e7e8e50e262658f6e7a42009fdd86d268aa7f4c,13950816
147,14042973,147,\x32cc2ec897f21a77a704e9a7313af6a640c47bb5,14042973
148,13887456,148,\xfe6474cb60d7a3771cd436fc9893f78da7b8d7bc,13887456
149,13944379,149,\xafe6520e39b77158e15b3377c1528b590a887800,13944379
150,13943051,150,\x041d552686bba6758489f8fc2132bce1da5952f7,13943051
151,13941150,151,\x42d455b219214fda88af47786cc6e3b5f9a19c37,13941150
152,13941150,152,\x42d455b219214fda88af47786cc6e3b5f9a19c37,13941150
153,13944186,153,\x7aa335dd4b35a47e4ac23e6b9201893665c3c12d,13944186
154,14034246,154,\xb6734a7597cfa9ae7e7c6409bbbd4ec2c0a76332,14034246
155,13866370,155,\x1945578febab92a095b510d1ab483e26b59c696e,13866370
156,13819829,156,\x078e88e465f2a430399e319d57543a7a76e97668,13819829
157,13819829,157,\x078e88e465f2a430399e319d57543a7a76e97668,13819829
158,13831063,158,\x7ca2b8b8a6c81cbd6d69267bc7854273d048294d,13831063
159,13952930,159,\x80f30e20ef0e815eb2694fc3a88e435d095849ba,13952930
160,13950816,160,\x7e7e8e50e262658f6e7a42009fdd86d268aa7f4c,13950816
161,13846305,161,\xeae6e8014fcc8bffb2046767a380111e88c405b6,13846305
162,13940761,162,\xfa8f061675f46cb9e71308bdf3c1c15e35011ac2,13940761
163,13818818,163,\x210883abc7fd9e65fc9d25ee691f08ba9648053a,13818818
164,13841895,164,\xa63fdb9ea2a842ceae394e0641afd667de087b76,13841895
165,13930985,165,\x826e6ecd7ecdcbc7875fb133c86a4a8d8aba8ae7,13930985
166,13955375,166,\x7e7e8e50e262658f6e7a42009fdd86d268aa7f4c,13955375
167,13840202,167,\x9f77d892524bd9167c0a72fd6e58d645e5c14550,13840202
168,13931802,168,\xd343c92012019b77aca6290ac5a85f55c98c94af,13931802
169,14102113,169,\xc3c50d8ae310a06800696ff7218458350cfcca1d,14102113
170,13878626,170,\x14aa7cfdacec1aeb55175dc31adcfddfe467f567,13878626
171,13948497,171,\xa334d9bb907240fe01fa4a1d8baeec4cc0a75747,13948497
172,13843244,172,\x9467e749e50576c9353e5c8c2792513a9baa3838,13843244
173,13942696,173,\xc315231efc43290770d310230faef444014b1d8d,13942696
174,13944074,174,\xea5abc1a1689984ebfdc41130886bdaeb5c24078,13944074
175,13828053,175,\x4bed23c363f51c4ff842eb0c1cded2010e4491a5,13828053
176,13941257,176,\x34b97df76e99123305b2e5f04500c95f432e663e,13941257
177,14024942,177,\xa63fdb9ea2a842ceae394e0641afd667de087b76,14024942
178,13938841,178,\xaae99871b32a731ddeaeee18517e365ebe44f395,13938841
181,13817343,181,\xfb5b5ac88afc292edb015e9f63321d7f8717e469,13817343
182,13817463,182,\xfb5b5ac88afc292edb015e9f63321d7f8717e469,13817463
183,13817870,183,\xfb5b5ac88afc292edb015e9f63321d7f8717e469,13817870
184,13841213,184,\xe9db4b90a3dfacdde73d0507f307304733906376,13841213
185,13855284,185,\xd36c04f6dc8eb30708cd53527871d82080413c30,13855284
186,13956781,186,\x776d45988fa10a0478d3452a6aa9077ef6ee733f,13956781
187,13851423,187,\x7888502c0583db25e023902449e367587996b6ac,13851423
188,13879741,188,\x14aa7cfdacec1aeb55175dc31adcfddfe467f567,13879741
189,14102069,189,\x4dfd1688ec88704e0d43976c58c34dcdb12ab55c,14102069
190,13838716,190,\x686dff34c9666020addd4de680dec250c3bf4ae8,13838716
191,13829013,191,\x7ca38bac0a7c2d603e0d877f2c16e6792d7e9ee5,13829013
192,13967878,192,\x36e0edc88cd1902f189ac922a4401cf4f389a110,13967878
193,13865724,193,\x153ef55ad7d916a25dc9e5e5cf4f87d5faea339d,13865724
194,13941056,194,\x57524efc73e194e4f19dc1606fb7a3e1dbf719b3,13941056
195,13941151,195,\xf3bb97e22ee247b5c38fe2ee4367145d7f908fe6,13941151
196,13875512,196,\xd672e7319b3c13446722d6692ac0dcb060221582,13875512
197,13820891,197,\x7b265f5f697a30728f1d9e63f3495754a10bb253,13820891
198,13840458,198,\xeb2e5d2c188a8ffabde4bffe91bc0a1991d416bc,13840458
199,13940109,199,\x22055b8bba54e9ae57672afa1aebd71d3e393115,13940109
200,13838596,200,\xfa88c88f68fc7a66ccd512a34f7686fded60caf4,13838596
201,14057804,201,\xd076cbaec6cfd31713039b160c0aa31d0a662644,14057804
202,13940887,202,\x9c7141e5865a0e3653e6f102ed4ce8110a760874,13940887
203,13856724,203,\x193f0ee42a199a0cecd479a9f09ba293eb1ca357,13856724
204,13939519,204,\xdbd2f1d1974d051e2d77d962689482b07b61087f,13939519
205,13846358,205,\xaae99871b32a731ddeaeee18517e365ebe44f395,13846358
206,13841680,206,\xa63fdb9ea2a842ceae394e0641afd667de087b76,13841680
207,13930678,207,\xa0f899b0d87510b33f0926f1cb09ed1cfa93bd2f,13930678
208,13930678,208,\xa0f899b0d87510b33f0926f1cb09ed1cfa93bd2f,13930678
209,13851979,209,\x6a6f20961aaaba280500298c4fd44187c38a9386,13851979
210,13947979,210,\x6a51c6d4eaa88a5f05a920cf92a1c976250711b4,13947979
211,13817447,211,\xfd228ad490f8bbadbeccdd30f188b11fcf31a63a,13817447
212,13827837,212,\x4bed23c363f51c4ff842eb0c1cded2010e4491a5,13827837
213,13854257,213,\x4c770fa53e3ac86523d8c09629f2cee76fb8decb,13854257
214,13849353,214,\x4edff34ec1b8440c3a2fe1fe7859d1b802cbaa10,13849353
215,13846929,215,\x041fa6a56cc203b210dbad9ee45dc08c1f88aba3,13846929
216,14099858,216,\xcf8107fbab081ab55e1ce0ab2d4408e99a6af1e4,14099858
217,13942696,217,\xc315231efc43290770d310230faef444014b1d8d,13942696
218,13946245,218,\x7eff82e302792e91f8da17653ba7d7aeeb59c9d6,13946245
219,13866841,219,\x023996f7d5d6fbd4f10ecf6253e9f8da44e57a19,13866841
220,13865724,220,\x153ef55ad7d916a25dc9e5e5cf4f87d5faea339d,13865724
221,13866841,221,\x023996f7d5d6fbd4f10ecf6253e9f8da44e57a19,13866841
222,13866841,222,\x023996f7d5d6fbd4f10ecf6253e9f8da44e57a19,13866841
223,13866841,223,\x023996f7d5d6fbd4f10ecf6253e9f8da44e57a19,13866841
224,13866841,224,\x023996f7d5d6fbd4f10ecf6253e9f8da44e57a19,13866841
225,13866841,225,\x023996f7d5d6fbd4f10ecf6253e9f8da44e57a19,13866841
226,13866841,226,\x023996f7d5d6fbd4f10ecf6253e9f8da44e57a19,13866841
227,13845592,227,\xeaf7814cdf7236bc5992d19cc455f9c92b00aa9e,13845592
228,13938400,228,\xa76b00d8fe77807edc51a87dbceabb623701d9d7,13938400
229,13817898,229,\xfb5b5ac88afc292edb015e9f63321d7f8717e469,13817898
230,14068404,230,\x80db7ddb411b5ad1a8ae5e579baee292afe1af2e,14068404
231,13950267,231,\x84db79d036ae41b22adf9fd555670b8fbfc92be7,13950267
232,13911792,232,\x13c79ea0db12eae112a3c1c15b1eaf559297b8a8,13911792
233,13866841,233,\x023996f7d5d6fbd4f10ecf6253e9f8da44e57a19,13866841
234,13866841,234,\x023996f7d5d6fbd4f10ecf6253e9f8da44e57a19,13866841
235,13866841,235,\x023996f7d5d6fbd4f10ecf6253e9f8da44e57a19,13866841
236,13819942,236,\x078e88e465f2a430399e319d57543a7a76e97668,13819942
237,13823331,237,\x41111188df7e8d89aeffb32eae28f8cb22222265,13823331
238,13866841,238,\x023996f7d5d6fbd4f10ecf6253e9f8da44e57a19,13866841
239,13866841,239,\x023996f7d5d6fbd4f10ecf6253e9f8da44e57a19,13866841
240,13866841,240,\x023996f7d5d6fbd4f10ecf6253e9f8da44e57a19,13866841
241,14102492,241,\x686dff34c9666020addd4de680dec250c3bf4ae8,14102492
242,13952394,242,\xbd4eacf40f898f4bf51f548e3d3c4dabb7c83102,13952394
243,13931325,243,\x67f72412a592d066a2e688e62664116deabeab29,13931325
244,13823815,244,\x7ca2b8b8a6c81cbd6d69267bc7854273d048294d,13823815
245,13967084,245,\xfe192ec5f16cee038e70afd28a42fb466d8e2569,13967084
246,13937678,246,\xfe93a4981d0a6cb62c94b037bc870c793efe9f4d,13937678
247,13866841,247,\x023996f7d5d6fbd4f10ecf6253e9f8da44e57a19,13866841
248,13866841,248,\x023996f7d5d6fbd4f10ecf6253e9f8da44e57a19,13866841
249,13866841,249,\x023996f7d5d6fbd4f10ecf6253e9f8da44e57a19,13866841
250,13866841,250,\x023996f7d5d6fbd4f10ecf6253e9f8da44e57a19,13866841
251,13866841,251,\x023996f7d5d6fbd4f10ecf6253e9f8da44e57a19,13866841
252,13866841,252,\x023996f7d5d6fbd4f10ecf6253e9f8da44e57a19,13866841
253,13866841,253,\x023996f7d5d6fbd4f10ecf6253e9f8da44e57a19,13866841
254,13866841,254,\x023996f7d5d6fbd4f10ecf6253e9f8da44e57a19,13866841
255,13866841,255,\x023996f7d5d6fbd4f10ecf6253e9f8da44e57a19,13866841
256,13889972,256,\xb9d24761ebb3e3a88b8cf20e77f56ccf026a2044,13889972
257,14034120,257,\xfe202706e36f31afbaf4b4543c2a8bba4ddb2dee,14034120
258,13828140,258,\x7ca2b8b8a6c81cbd6d69267bc7854273d048294d,13828140
259,13863973,259,\x73bf4353cc4fc35f40e3fe53281374069bb1ae96,13863973
260,14096638,260,\x512e3eb472d53df71db0252cb8dccd25cd05e9e9,14096638
261,14102069,261,\x4dfd1688ec88704e0d43976c58c34dcdb12ab55c,14102069
262,13925209,262,\x281abcd601a763ba7c8118af0b99e69c6d969f92,13925209
263,14101895,263,\x4c1aabab6bdc1f3fd3b0e28f83a8ec5ce344ef93,14101895
264,13963079,264,\xaf8a95b7df1943ba194b74ea38bf7c4dc78fe3b9,13963079
265,13953098,265,\xaae99871b32a731ddeaeee18517e365ebe44f395,13953098
266,14102069,266,\x4dfd1688ec88704e0d43976c58c34dcdb12ab55c,14102069
267,13882254,267,\x0fd41963ccb8fe664ce3a25b495fe7b018148bb3,13882254
268,13906894,268,\x97852657d38e6d4f4ba79c70ad6961bc384cba7e,13906894
269,13947979,269,\x6a51c6d4eaa88a5f05a920cf92a1c976250711b4,13947979
270,13939589,270,\x218d75b17f491793a96ab4326c7875950359a80c,13939589
271,13862250,271,\x21a7c7a249858580dd2b01ebb5a752ce8cd7e8aa,13862250
272,13941548,272,\x97852657d38e6d4f4ba79c70ad6961bc384cba7e,13941548
273,13841712,273,\x69a263804bc8ea966095ea21aea58b9ea6bf52a7,13841712
274,13826625,274,\x105d31a355ea60292df0d39adcf2aedba83767a2,13826625
275,13940471,275,\xf4e4d43692db4645bf99c9a58f87b0e14b5a04b8,13940471
276,13866841,276,\x023996f7d5d6fbd4f10ecf6253e9f8da44e57a19,13866841
277,13866841,277,\x023996f7d5d6fbd4f10ecf6253e9f8da44e57a19,13866841
278,13866841,278,\x023996f7d5d6fbd4f10ecf6253e9f8da44e57a19,13866841
279,13866841,279,\x023996f7d5d6fbd4f10ecf6253e9f8da44e57a19,13866841
280,13866841,280,\x023996f7d5d6fbd4f10ecf6253e9f8da44e57a19,13866841
281,13866841,281,\x023996f7d5d6fbd4f10ecf6253e9f8da44e57a19,13866841
283,14024404,283,\xdf41a9cb5573df1c07b0fb0317b8c85cd5480644,14024404
284,13955127,284,\x129d7b969e56339bb417b58a4f8caaec8f438ace,13955127
285,13896215,285,\x950946f0568cfaf0182d921587c86d22978f331f,13896215
286,13939859,286,\x78f124c90891dd364e0a2a67c183951f6abb30ba,13939859
287,13866841,287,\x023996f7d5d6fbd4f10ecf6253e9f8da44e57a19,13866841
288,13866841,288,\x023996f7d5d6fbd4f10ecf6253e9f8da44e57a19,13866841
289,13866841,289,\x023996f7d5d6fbd4f10ecf6253e9f8da44e57a19,13866841
290,13939292,290,\x8b495c6c459722d8895d29fcb8aa57f8a0a8a9fd,13939292
292,13848365,292,\xf723d05f10e8503feaba5cfbb9a5513eb8ecbfd6,13848365
293,14102069,293,\x4dfd1688ec88704e0d43976c58c34dcdb12ab55c,14102069
294,13937483,294,\xf19f1c9b5985a3e1b999e95ba3cc4f591a2dc019,13937483
295,13819942,295,\x896b94f4f27f12369698c302e2049cae86936bbb,13819942
296,13819942,296,\x896b94f4f27f12369698c302e2049cae86936bbb,13819942
297,13846739,297,\xcf29e3606e302347cf445ba770aa7455f00872da,13846739
298,13944102,298,\xdcbeb764ae768835ead94740273a8c51404012ea,13944102
299,13959517,299,\x516d70b430894bf4bdfdd3f5640efe5d880ab174,13959517
300,14128309,300,\x435566c0c11a2dd0f9e6170830760018aa2c8c0c,14128309
301,13904444,301,\x1f3d0ae1de9080ac9a454396acea856b8f6dc265,13904444
302,13996986,302,\xe70949032907349a132e6793140679b43072f1e6,13996986
303,13937678,303,\xfe93a4981d0a6cb62c94b037bc870c793efe9f4d,13937678
304,13953346,304,\x2598b55772f0685156ff74c44980b8c28344b75b,13953346
305,14102069,305,\x4dfd1688ec88704e0d43976c58c34dcdb12ab55c,14102069
306,14028722,306,\x57524efc73e194e4f19dc1606fb7a3e1dbf719b3,14028722
307,14102069,307,\x4dfd1688ec88704e0d43976c58c34dcdb12ab55c,14102069
308,13827858,308,\x4bed23c363f51c4ff842eb0c1cded2010e4491a5,13827858
309,13864288,309,\xd3143da6441611570a85a855d842b1d4f55bc28b,13864288
310,13941056,310,\x57524efc73e194e4f19dc1606fb7a3e1dbf719b3,13941056
311,13839801,311,\x12ef2cd4231d5cf655a6cdd4ac1524ffaa439c17,13839801
312,13819612,312,\x726cdc837384a7deb8bbea64beba2e7b4d7346c0,13819612
313,13938954,313,\x1b5b7b514771beec3c83add7e0165166dbc77320,13938954
314,13931829,314,\xc957e1d025af934d12d8ac8f0c010499bf5b43f2,13931829
315,13938954,315,\x1b5b7b514771beec3c83add7e0165166dbc77320,13938954
316,14023726,316,\x73bf4353cc4fc35f40e3fe53281374069bb1ae96,14023726
317,13827891,317,\x4bed23c363f51c4ff842eb0c1cded2010e4491a5,13827891
318,13846358,318,\xaae99871b32a731ddeaeee18517e365ebe44f395,13846358
319,13844690,319,\xdfcafc3b9dc57ee71486e840b3c56b8abc22f6d9,13844690
321,13860239,321,\x2091b12446f0e79cc5ea6657ed52a9dee5ee91a8,13860239
322,13826595,322,\x3ead6b1dfc3173a26dc0fbeb51401aec961c6323,13826595
323,13854521,323,\x92a9a2db96c8128b2111705137d29f90755cbcbd,13854521
324,13848862,324,\x86b2b40cff97f182922b957d6a44dd83149b1491,13848862
325,13848854,325,\x86b2b40cff97f182922b957d6a44dd83149b1491,13848854
326,13937320,326,\x64f020563616fc459c5283236b21d8d226ffa636,13937320
327,13865700,327,\x7d26d3bd8e5eee24697ecdf4f7b41c2ca2f92f30,13865700
328,13931386,328,\xbe73748446811ebc2a4ddddcd55867d013d6136e,13931386
329,14035460,329,\x7d4c4d5380ca2f9c7a091bb622b80613da7eae8c,14035460
330,13819612,330,\x726cdc837384a7deb8bbea64beba2e7b4d7346c0,13819612
331,14057945,331,\x66b333423409d3ae4008d6fcc84aadaa8d31a0c1,14057945
332,13941779,332,\xa9cd1f4f98a1ae23d5dc76958d3d0ef499df5c1f,13941779
333,13883701,333,\x6232d7a6085d0ab8f885292078eeb723064a376b,13883701
334,13938974,334,\x877df2606e92ef118c8b81bf76f0c48f8f98f133,13938974
335,14022332,335,\xe70949032907349a132e6793140679b43072f1e6,14022332
336,13865700,336,\x7d26d3bd8e5eee24697ecdf4f7b41c2ca2f92f30,13865700
337,13822966,337,\x7ca2b8b8a6c81cbd6d69267bc7854273d048294d,13822966
338,13998841,338,\x234e8c96facc6f6f84f8b14185ffaa11d77fefbf,13998841
339,13816413,339,\x6bb58375ef4631e464c0654873d7b8c335c1d0a2,13816413
340,14037262,340,\x14aa7cfdacec1aeb55175dc31adcfddfe467f567,14037262
341,13976394,341,\x6014ba1e29605cdd33d5d95c01b79275aa494be9,13976394
342,13938954,342,\x1b5b7b514771beec3c83add7e0165166dbc77320,13938954
343,14044961,343,\xd076cbaec6cfd31713039b160c0aa31d0a662644,14044961
344,14024404,344,\xdf41a9cb5573df1c07b0fb0317b8c85cd5480644,14024404
345,13828132,345,\x7ca2b8b8a6c81cbd6d69267bc7854273d048294d,13828132
346,13844604,346,\xff26ccf9058b9bd8facfb6a8876864fec193285d,13844604
347,13941714,347,\x1ec2b684f07c2d3cf736be9785e95e9b87fd0187,13941714
348,13824191,348,\x3ead6b1dfc3173a26dc0fbeb51401aec961c6323,13824191
349,13980485,349,\xe4bc96b24e0bdf87b4b92ed39c1aef8839b090dd,13980485
350,13827812,350,\x7ca2b8b8a6c81cbd6d69267bc7854273d048294d,13827812
351,13983566,351,\x24f8d92794a283b454d1fc32722f51a4f3bc1ae5,13983566
352,13939071,352,\xdd8adbed16cfd91c817f04480f6d9c9322f89eca,13939071
353,13906894,353,\x97852657d38e6d4f4ba79c70ad6961bc384cba7e,13906894
354,13838479,354,\x531484fce2a054d2ec94e79d6a405d89878587ac,13838479
355,13841330,355,\x9fecf056375a973308bb3d6fb6b1c230cfd21456,13841330
356,13945791,356,\x8cb377959625e693986c6adef82fff01d4d91af8,13945791
357,13940964,357,\xc67f6fbd90806efcac2b7afbafb038afe4df5a0c,13940964
358,13946519,358,\x2598b55772f0685156ff74c44980b8c28344b75b,13946519
359,14028586,359,\xdf41a9cb5573df1c07b0fb0317b8c85cd5480644,14028586
360,13838345,360,\xa946c445bf7f1675309fcd3a968da4da4e3a107a,13838345
362,13840571,362,\x8b14b0f7bcb722d64a7bc7b6d41105f79925ea8f,13840571
363,13936828,363,\x60d8f4a0070d03a32f1fbd37e136e60e877835a2,13936828
364,13862250,364,\x21a7c7a249858580dd2b01ebb5a752ce8cd7e8aa,13862250
365,14043274,365,\x686dff34c9666020addd4de680dec250c3bf4ae8,14043274
366,13846358,366,\xaae99871b32a731ddeaeee18517e365ebe44f395,13846358
367,13940057,367,\x0d4ddea3849c54e16c85cb4354943dc876e05552,13940057
368,14024404,368,\xdf41a9cb5573df1c07b0fb0317b8c85cd5480644,14024404
369,13939811,369,\x787b4b7ffef8eddad54f311039acf4c36fec9593,13939811
370,13966890,370,\x168eb064e86cb2cb2f72a6798ccf6eb24a48ce9a,13966890
371,13940423,371,\x52a42429bdaad4396f128cb92167e64a96be8a61,13940423
372,13824801,372,\x168eb064e86cb2cb2f72a6798ccf6eb24a48ce9a,13824801
373,14024404,373,\xdf41a9cb5573df1c07b0fb0317b8c85cd5480644,14024404
374,13931504,374,\x22965c55ce2676812396bfd970d59e0a18e2f5e2,13931504
375,14102069,375,\x4dfd1688ec88704e0d43976c58c34dcdb12ab55c,14102069
376,13938954,376,\x1b5b7b514771beec3c83add7e0165166dbc77320,13938954
378,13818259,378,\x4bfc4158417e24a79f9767a874b292a0216134a2,13818259
379,13846549,379,\xa8fbe0452eedfc4598d4c64c33615d942a70af6e,13846549
380,13938954,380,\x1b5b7b514771beec3c83add7e0165166dbc77320,13938954
381,13839504,381,\x512e3eb472d53df71db0252cb8dccd25cd05e9e9,13839504
382,13868334,382,\x04490fb053a8ff110bea35f22d955c0092aae5f8,13868334
383,13944311,383,\xacacc9bed6a9f547873ff261800643b2017afcfd,13944311
384,13937378,384,\xd72d454596ea68223f5b3af691c6e04a1f4ad054,13937378
385,13938954,385,\x1b5b7b514771beec3c83add7e0165166dbc77320,13938954
386,13846153,386,\x4b5af655bc8ba0b79a5544a9067c7ba1e966b8ee,13846153
387,13839634,387,\xd5ff53f48f14e9409b581e41a4cddfe0e97dc724,13839634
388,13946303,388,\x95425e5abb5cece0c5653dd77be02b7913e53488,13946303
389,13944997,389,\xa5f8e2881a275344fe744b30c0b7066db8ace1f3,13944997
390,13940770,390,\x160fe90dd8f02041ae2dee406b49c7e69f6b3f6c,13940770
391,13829275,391,\x6cf51fdef74d02296017a1129086ee9c3477dc01,13829275
392,13829275,392,\x6cf51fdef74d02296017a1129086ee9c3477dc01,13829275
393,13829275,393,\x6cf51fdef74d02296017a1129086ee9c3477dc01,13829275
394,13838794,394,\x4bb7fba588b4254536de4316e8fb346bbe275ecb,13838794
395,14124845,395,\x30e28648e903f077f120e48330b005822760ddbb,14124845
396,13911792,396,\x13c79ea0db12eae112a3c1c15b1eaf559297b8a8,13911792
397,14055026,397,\x47baba9b83c7cd484297e771d99076e904647511,14055026
398,13986530,398,\x69a263804bc8ea966095ea21aea58b9ea6bf52a7,13986530
399,14109267,399,\x8d92ca432fc474c9cf5e56203a7e5fb752326d35,14109267
400,13864008,400,\x6003b604d127fc932e95d48c40fa4fec52324f18,13864008
401,13949130,401,\xd1288dede59a193a6d4ad25644adbb4607b03597,13949130
402,13839143,402,\x9e55f1678560fd2b345ac9a509df55bf732632f1,13839143
403,13847161,403,\x2205d30dc11c02a7e278ceb24c2c977d4be9b126,13847161
404,13841266,404,\xb03dfb23338df6fe1762739c23bd7d8213c043aa,13841266
405,13839126,405,\x4b5af655bc8ba0b79a5544a9067c7ba1e966b8ee,13839126
406,13846541,406,\xa8fbe0452eedfc4598d4c64c33615d942a70af6e,13846541
407,13938954,407,\x1b5b7b514771beec3c83add7e0165166dbc77320,13938954
408,13943395,408,\xa7dcc417c63f24f9073b667a5d7149bd38463d0f,13943395
409,13939079,409,\x6e33e1fa58b465b4acfa90aea0bfd6e1f112e59d,13939079
410,13931207,410,\xddf767f258adf0af89896621349cadcf8722f771,13931207
411,14102492,411,\x686dff34c9666020addd4de680dec250c3bf4ae8,14102492
412,13859761,412,\xb9ccfc18b941a2cc51a956aa6c83360eb9d58de7,13859761
413,14013448,413,\x84327d63faff1386b656c98fb8eeef5a3274022e,14013448
414,13859761,414,\xb9ccfc18b941a2cc51a956aa6c83360eb9d58de7,13859761
415,13901072,415,\x792300e01d36e65e47c2e92557c4248a91e94e31,13901072
416,14102069,416,\x4dfd1688ec88704e0d43976c58c34dcdb12ab55c,14102069
417,14099878,417,\xa9a3d92c3aa8cfda6c5139ece02401432b91cbb2,14099878
418,14017372,418,\x0f6016633d0a8f97e23412dac6a5489d72b92bd6,14017372
419,13924397,419,\x8d9baf8a04ae55844bd9dbef5168946c8e8810f1,13924397
420,13865724,420,\x153ef55ad7d916a25dc9e5e5cf4f87d5faea339d,13865724
421,13909546,421,\x950946f0568cfaf0182d921587c86d22978f331f,13909546
422,14099925,422,\xf151d801333f9c38aba628bc9144f9225b2c4f04,14099925
423,13856430,423,\x806375720c42753be3d98109e93f5df192fb0222,13856430
424,13838749,424,\x4bb7fba588b4254536de4316e8fb346bbe275ecb,13838749
425,13846358,425,\xaae99871b32a731ddeaeee18517e365ebe44f395,13846358
426,13815833,426,\xfb0ddea919cb8e9e4e4100f49a7d86afff004d62,13815833
427,13846701,427,\xb78f0faf687e06dbe78ab817e8a19fac17363c4d,13846701
428,13900692,428,\xca949bc917ff93bea259d1751a1af1908c69d969,13900692
429,13938954,429,\x1b5b7b514771beec3c83add7e0165166dbc77320,13938954
430,13820337,430,\xc4126b9af0f662dc9d868cad903a74d8d116e9ad,13820337
431,13948322,431,\x69a263804bc8ea966095ea21aea58b9ea6bf52a7,13948322
432,14051982,432,\xc3c50d8ae310a06800696ff7218458350cfcca1d,14051982
433,13948819,433,\xc3c50d8ae310a06800696ff7218458350cfcca1d,13948819
434,13846358,434,\xaae99871b32a731ddeaeee18517e365ebe44f395,13846358
435,13854302,435,\xf6a020960a15d942056f7f920064757a47937f1e,13854302
436,13937932,436,\x3fe4346855354aadf62594124c092fbe2d22bf73,13937932
437,13827894,437,\x4bed23c363f51c4ff842eb0c1cded2010e4491a5,13827894
438,13841681,438,\xa63fdb9ea2a842ceae394e0641afd667de087b76,13841681
439,13859761,439,\xb9ccfc18b941a2cc51a956aa6c83360eb9d58de7,13859761
440,13911782,440,\xa485891c2aa3483ea5b12258892e975af2f35b47,13911782
441,14121764,441,\x49819341f719e17bf928ae48b2ae5b1130db67da,14121764
442,13827819,442,\x7ca2b8b8a6c81cbd6d69267bc7854273d048294d,13827819
443,14038424,443,\x43cf525d63987d17052d9891587bcfb9592c3ee2,14038424
444,13868578,444,\x54508bef9658dd4c5a6e4b2485b384756fa43fc7,13868578
445,13865700,445,\x7d26d3bd8e5eee24697ecdf4f7b41c2ca2f92f30,13865700
446,13939752,446,\xf1b867bbc9a36320866d51cd020cd356d2cfb767,13939752
447,13846358,447,\xaae99871b32a731ddeaeee18517e365ebe44f395,13846358
448,13857644,448,\x42d02f4cd48bdac116b7e3a4895f586777948fae,13857644
449,14058420,449,\xbabecf3350b64fbc103edd7d61a541edaa91bc47,14058420
450,14048784,450,\xa3722b0df43e0349517cbe969adfafef49aa05dc,14048784
451,14102069,451,\x4dfd1688ec88704e0d43976c58c34dcdb12ab55c,14102069
452,13954179,452,\xa4e3e6917da1067f917ac976b26bc1202e9dfebd,13954179
453,13923413,453,\xab5f9071d325b9b5844d52cd4e55ea6bbaceb021,13923413
454,13856488,454,\x883eb80c3a9591e8647c11d75fcbeec2ce0ef057,13856488
455,13856480,455,\x883eb80c3a9591e8647c11d75fcbeec2ce0ef057,13856480
456,13856483,456,\x883eb80c3a9591e8647c11d75fcbeec2ce0ef057,13856483
457,13842562,457,\x310115b783a94c6fc371ed03eb7d3fe15b1d02e2,13842562
458,14024404,458,\xdf41a9cb5573df1c07b0fb0317b8c85cd5480644,14024404
459,14070383,459,\x8c44836ba7d070bae9b11a60323d13f0c53e04de,14070383
460,13941778,460,\x461e76a4fe9f27605d4097a646837c32f1ccc31c,13941778
461,13979533,461,\x6e3635214e5b18b4b6a99f2e83436b28474dba66,13979533
462,13930337,462,\xf63ad59d4978721320b50cbc04d74c3362663849,13930337
463,13935877,463,\x8efd9addd8de6a4e64664d1893dec51f8c3339e9,13935877
464,13946245,464,\x7eff82e302792e91f8da17653ba7d7aeeb59c9d6,13946245
465,13867085,465,\xd36c04f6dc8eb30708cd53527871d82080413c30,13867085
466,13947979,466,\x6a51c6d4eaa88a5f05a920cf92a1c976250711b4,13947979
467,13840980,467,\x23b2db97a311f69e1caf7e684b4ca9ca86f1ef22,13840980
468,13819829,468,\x078e88e465f2a430399e319d57543a7a76e97668,13819829
469,14109974,469,\x66b333423409d3ae4008d6fcc84aadaa8d31a0c1,14109974
470,13821632,470,\xe4fb9ca52e39b83be69e74e7fac8f807a9c16ef9,13821632
471,13838426,471,\x8aa0b4fb0d0e1bb95959bae95f81d71d1c6b6ff7,13838426
472,13839504,472,\x512e3eb472d53df71db0252cb8dccd25cd05e9e9,13839504
473,13941056,473,\x57524efc73e194e4f19dc1606fb7a3e1dbf719b3,13941056
474,13941087,474,\x57524efc73e194e4f19dc1606fb7a3e1dbf719b3,13941087
475,14024581,475,\xa63fdb9ea2a842ceae394e0641afd667de087b76,14024581
476,13946245,476,\x7eff82e302792e91f8da17653ba7d7aeeb59c9d6,13946245
477,13941820,477,\x023802eb071e6bbd42ae13e7b0d9b005d93d293c,13941820
478,13840573,478,\x516d70b430894bf4bdfdd3f5640efe5d880ab174,13840573
479,13931207,479,\xddf767f258adf0af89896621349cadcf8722f771,13931207
480,13940922,480,\x326481a3b0c792cc7df1df0c8e76490b5ccd7031,13940922
481,13831063,481,\x7ca2b8b8a6c81cbd6d69267bc7854273d048294d,13831063
482,14010471,482,\x32606c4aa95ea78d7c5b1e0e347e3e9ae451434e,14010471
483,13819963,483,\x078e88e465f2a430399e319d57543a7a76e97668,13819963
484,13876302,484,\xf4a95d0efa800fa4384c6767ba75f8d1930b0c36,13876302
485,13825709,485,\x8efd9addd8de6a4e64664d1893dec51f8c3339e9,13825709
486,13840611,486,\x516d70b430894bf4bdfdd3f5640efe5d880ab174,13840611
487,13819612,487,\x726cdc837384a7deb8bbea64beba2e7b4d7346c0,13819612
488,13835213,488,\x7ba6527419152e17d78daccbb89a51ab71c8d200,13835213
489,14071949,489,\xc851405e74d6e2cada1a472354315670adbe9d33,14071949
490,13940057,490,\xaae99871b32a731ddeaeee18517e365ebe44f395,13940057
491,13838749,491,\x4bb7fba588b4254536de4316e8fb346bbe275ecb,13838749
492,14024404,492,\xdf41a9cb5573df1c07b0fb0317b8c85cd5480644,14024404
493,13826890,493,\x0c97dd39b11056181ce3da80cdea3f63258a0e78,13826890
494,13826889,494,\x0c97dd39b11056181ce3da80cdea3f63258a0e78,13826889
495,13826886,495,\x0c97dd39b11056181ce3da80cdea3f63258a0e78,13826886
496,14091091,496,\x219f29278ca2aa711572cfaad6ea299711509d40,14091091
497,13931063,497,\x6ee5a8db37e409f0660d182fe62cacad2112fc9c,13931063
498,13866381,498,\x9e2e00aab67c3a7b827eb3e431c4a6c2077510a6,13866381
499,13939141,499,\xbaef647bcc47d7bc39f6acaeb8eab57900bcfcd1,13939141
500,13954924,500,\x6e33e1fa58b465b4acfa90aea0bfd6e1f112e59d,13954924
501,13851810,501,\xad1b2d013c7f9274e64ffb0a26b7471496a388a6,13851810
502,13824997,502,\x7ca2b8b8a6c81cbd6d69267bc7854273d048294d,13824997
503,14024404,503,\xdf41a9cb5573df1c07b0fb0317b8c85cd5480644,14024404
504,13936742,504,\x274a3b6198b483a5b2af51ebb09de9b1f931caea,13936742
505,13822207,505,\xe48db8635fdbde567e803da058c3fe9ff9048b1e,13822207
506,14034404,506,\x758f3ae0ee6050153fa630725c1fc39a3002fd22,14034404
507,13931279,507,\x7ff8eb786b62d9b1754cc5d9e8817486953da2e1,13931279
508,13835030,508,\x76918841298c0eecf0fe9409cdad3000320666ed,13835030
509,13820193,509,\xb39ff833f6b42d474bc649e3f435856c8f0cb426,13820193
510,13819481,510,\x342ccb0e1ba29a43333561ba6df19f50facd5652,13819481
511,13839143,511,\x4b5af655bc8ba0b79a5544a9067c7ba1e966b8ee,13839143
512,13827880,512,\x4bed23c363f51c4ff842eb0c1cded2010e4491a5,13827880
513,13965493,513,\xa31b26dd555d594820ff909e4e6cc4fcc8867e20,13965493
514,13859761,514,\xb9ccfc18b941a2cc51a956aa6c83360eb9d58de7,13859761
515,13839105,515,\x2aa48f410007b7380d2846d03142febbbedeb3d3,13839105
516,13839115,516,\x2aa48f410007b7380d2846d03142febbbedeb3d3,13839115
517,13941714,517,\x1ec2b684f07c2d3cf736be9785e95e9b87fd0187,13941714
518,13921636,518,\xad1b2d013c7f9274e64ffb0a26b7471496a388a6,13921636
519,13954051,519,\xe9725f63dc6afc4c4d8958dde82d41dd3d490554,13954051
520,13850151,520,\x461e76a4fe9f27605d4097a646837c32f1ccc31c,13850151
521,13880025,521,\x14b889b25e70f60d8dc0aa5f10c83680add61351,13880025
522,13936204,522,\x5e34562d0099fb3b0aba3eb53e188a58997a9b9a,13936204
523,14069473,523,\xcadf27617c932594d840b220e39db61b46bc4720,14069473
524,13943600,524,\x0ce10c84e4ea480eec5253554838405f984f0e27,13943600
525,14024404,525,\xdf41a9cb5573df1c07b0fb0317b8c85cd5480644,14024404
526,13938954,526,\x1b5b7b514771beec3c83add7e0165166dbc77320,13938954
527,13820792,527,\x1f1bd54ecae5f400bddba27bf079ed44f181df4a,13820792
528,13937565,528,\xfe3deb047a8c3e9a86c51e6619a5ee73969a9fb3,13937565
529,13949130,529,\xd1288dede59a193a6d4ad25644adbb4607b03597,13949130
530,13949130,530,\xd1288dede59a193a6d4ad25644adbb4607b03597,13949130
531,13855251,531,\xbfdbffd80741f83c4c8a86ae706c83a721e2583e,13855251
532,13880081,532,\x14aa7cfdacec1aeb55175dc31adcfddfe467f567,13880081
533,14034120,533,\xfe202706e36f31afbaf4b4543c2a8bba4ddb2dee,14034120
534,13845740,534,\xcca178a04d83af193330c7927fb9a42212fb1c25,13845740
535,14056769,535,\xd076cbaec6cfd31713039b160c0aa31d0a662644,14056769
536,13847170,536,\x512e3eb472d53df71db0252cb8dccd25cd05e9e9,13847170
537,14044894,537,\x273c25abd33eca095e228fde0f15e8f7ec4eb4d9,14044894
538,13864008,538,\x6003b604d127fc932e95d48c40fa4fec52324f18,13864008
539,13931322,539,\xf384b27bd8f38d49b6704b355d51333ff5243e65,13931322
540,13983533,540,\x726cdc837384a7deb8bbea64beba2e7b4d7346c0,13983533
541,14017231,541,\x36cb18a75943396b526e20fde7f70b6367c70d7d,14017231
542,13860304,542,\x2091b12446f0e79cc5ea6657ed52a9dee5ee91a8,13860304
543,14085993,543,\x7ae02e3871f38d0ba4a5192d97621ba52083fd06,14085993
544,13859761,544,\xb9ccfc18b941a2cc51a956aa6c83360eb9d58de7,13859761
545,13838751,545,\x4bb7fba588b4254536de4316e8fb346bbe275ecb,13838751
546,13841289,546,\x9fecf056375a973308bb3d6fb6b1c230cfd21456,13841289
547,13891759,547,\xf67cd0ea946bbe3a846df62341d822fdfdb8c6d9,13891759
548,13938954,548,\x1b5b7b514771beec3c83add7e0165166dbc77320,13938954
549,13939589,549,\x218d75b17f491793a96ab4326c7875950359a80c,13939589
550,13864288,550,\xd3143da6441611570a85a855d842b1d4f55bc28b,13864288
551,13982590,551,\x56901449d21a076f1956bdc2cb3e46b630b8ca98,13982590
552,13846358,552,\xaae99871b32a731ddeaeee18517e365ebe44f395,13846358
553,13875649,553,\x799d4cb5a154b141a5a5735fe652d49e133ca42a,13875649
554,13943424,554,\x13b3a50f3947476eda74fe191344524e2d2d28e5,13943424
555,13940109,555,\x22055b8bba54e9ae57672afa1aebd71d3e393115,13940109
556,13941820,556,\x023802eb071e6bbd42ae13e7b0d9b005d93d293c,13941820
557,14023532,557,\x3b66c992860abd1ec94b917e222dca78ad55032f,14023532
558,13956459,558,\xc448f05adc6a5017ca248279d163e2773b2f4304,13956459
559,13838402,559,\xf96d09c553db50ef8198eed965df9e660133c23a,13838402
560,13937909,560,\x61751bc401f4eabe10a238661b4a60ba84910059,13937909
561,14039379,561,\xb9ccfc18b941a2cc51a956aa6c83360eb9d58de7,14039379
562,13954357,562,\xd116ec51ced0a7a49bea6555f90872752448d8bc,13954357
566,13940109,566,\x22055b8bba54e9ae57672afa1aebd71d3e393115,13940109
567,13835059,567,\x1dc5eefe2d20d1ab0db794a4236df147c0f60921,13835059
568,13937932,568,\x3fe4346855354aadf62594124c092fbe2d22bf73,13937932
569,13941087,569,\x7d4c4d5380ca2f9c7a091bb622b80613da7eae8c,13941087
570,14034246,570,\xb6734a7597cfa9ae7e7c6409bbbd4ec2c0a76332,14034246
571,13829787,571,\x1a2a8f5721bc920df7bd20bee976134dc391ba09,13829787
572,13839570,572,\x060f6529e7da2d0d95bd5626b0084069659fad07,13839570
573,13838857,573,\x1f1bd54ecae5f400bddba27bf079ed44f181df4a,13838857
574,14105086,574,\xbd101fffac618cc704f005315143dd63b445c5e7,14105086
575,13878670,575,\x8a1090cf63ff4ae5a52478425e2981025324117b,13878670
576,13842497,576,\x46ae5b30edfde7a6f83285f8ae98a2e97c9445dd,13842497
577,13911792,577,\x13c79ea0db12eae112a3c1c15b1eaf559297b8a8,13911792
578,13944382,578,\x14cfd6b71163360b2a176ea167c2800b2deb8296,13944382
579,13938954,579,\x1b5b7b514771beec3c83add7e0165166dbc77320,13938954
580,13865700,580,\x7d26d3bd8e5eee24697ecdf4f7b41c2ca2f92f30,13865700
581,14032367,581,\x516d70b430894bf4bdfdd3f5640efe5d880ab174,14032367
582,14092361,582,\xacacc9bed6a9f547873ff261800643b2017afcfd,14092361
583,13878566,583,\x14aa7cfdacec1aeb55175dc31adcfddfe467f567,13878566
584,13852551,584,\x8bace3a49a375027868cdd34e84521eed1f1b01d,13852551
585,13818520,585,\x609fec828e13dbfb6ca8668df22295b6e08b477c,13818520
586,13846358,586,\xaae99871b32a731ddeaeee18517e365ebe44f395,13846358
587,13842439,587,\xd8fcfcdc37ac8f381c46f491732be4b31dc5d0e3,13842439
588,14081937,588,\xe751970824f3bcbf97e611e351c1136776be1ce9,14081937
589,13840835,589,\x69d6699b8419878521316002c74dd1b43164ce14,13840835
590,13852985,590,\x2e97bab47dfb1fd1395be6d86fcd48c19374b79b,13852985
591,14026281,591,\xe4bc96b24e0bdf87b4b92ed39c1aef8839b090dd,14026281
592,13939228,592,\x6c1d01b3ae9494ed72666b413409fc8d0d46ece0,13939228
593,14023549,593,\xe70949032907349a132e6793140679b43072f1e6,14023549
594,13938841,594,\xaae99871b32a731ddeaeee18517e365ebe44f395,13938841
595,13838750,595,\x4bb7fba588b4254536de4316e8fb346bbe275ecb,13838750
596,13894482,596,\x28e9f56672a9757cfff1e132cdcddb9e2d9bccec,13894482
597,13896456,597,\xcedacd790d29aff885e963d2e638e70b61753754,13896456
598,13946564,598,\xb5dc4d0e9373a30231c6149428529b2f48b4514d,13946564
599,13944204,599,\x50fcc2330bbc640f39de8a3d399802e190fb55fe,13944204
600,13843487,600,\x9d156bc7c8768294510a4a41883d5a4eb15b15e3,13843487
601,13936801,601,\x93fc0c711c2df516bc442ad4b3ed47cc4001829b,13936801
602,13940427,602,\x32cc2ec897f21a77a704e9a7313af6a640c47bb5,13940427
603,13931700,603,\xd343c92012019b77aca6290ac5a85f55c98c94af,13931700
604,13830400,604,\x4edff34ec1b8440c3a2fe1fe7859d1b802cbaa10,13830400
605,13999735,605,\x66b333423409d3ae4008d6fcc84aadaa8d31a0c1,13999735
606,13913912,606,\x5d673c5b9abe268258ce23dded23bf1f13a0f6b5,13913912
607,13845694,607,\xcca178a04d83af193330c7927fb9a42212fb1c25,13845694
608,13840485,608,\xeb2e5d2c188a8ffabde4bffe91bc0a1991d416bc,13840485
609,13934508,609,\x90e5aa59a9df2add394df81521dbbed5f3c4a1a3,13934508
610,13841289,610,\x9fecf056375a973308bb3d6fb6b1c230cfd21456,13841289
611,13924397,611,\x8d9baf8a04ae55844bd9dbef5168946c8e8810f1,13924397
612,13821467,612,\x2fcebbf54251691cc8730392fdac752c019d659c,13821467
613,13824868,613,\x7ca2b8b8a6c81cbd6d69267bc7854273d048294d,13824868
614,13910319,614,\xda3845b44736b57e05ee80fc011a52a9c777423a,13910319
615,13819942,615,\x896b94f4f27f12369698c302e2049cae86936bbb,13819942
616,13847117,616,\x512e3eb472d53df71db0252cb8dccd25cd05e9e9,13847117
617,13946245,617,\x7eff82e302792e91f8da17653ba7d7aeeb59c9d6,13946245
618,13909276,618,\x69a263804bc8ea966095ea21aea58b9ea6bf52a7,13909276
619,13946183,619,\xa1c423a049a4672b81ce004c7fc5295a114afc6b,13946183
620,14082954,620,\x7ee4c16271f02be9af06a560fdec8df40f3f6bd2,14082954
621,13865700,621,\x7d26d3bd8e5eee24697ecdf4f7b41c2ca2f92f30,13865700
622,14099453,622,\x6a51c6d4eaa88a5f05a920cf92a1c976250711b4,14099453
623,13963943,623,\x91ea8265f61e1702c8880b512f422e41964c7d73,13963943
624,13939165,624,\xdddd34f88b475dae9fef76af218b00cca0d7a06a,13939165
625,13847107,625,\x512e3eb472d53df71db0252cb8dccd25cd05e9e9,13847107
626,13856280,626,\xf568b4ea972ae15f69453d96fa172093971a6304,13856280
627,13865700,627,\x7d26d3bd8e5eee24697ecdf4f7b41c2ca2f92f30,13865700
628,13819612,628,\x726cdc837384a7deb8bbea64beba2e7b4d7346c0,13819612
629,13852949,629,\x2521b969ca655c89d6412e2b7758507c52451046,13852949
630,13846717,630,\xcf29e3606e302347cf445ba770aa7455f00872da,13846717
631,13846727,631,\xcf29e3606e302347cf445ba770aa7455f00872da,13846727
632,13846720,632,\xcf29e3606e302347cf445ba770aa7455f00872da,13846720
633,13864008,633,\x6003b604d127fc932e95d48c40fa4fec52324f18,13864008
634,13938954,634,\x1b5b7b514771beec3c83add7e0165166dbc77320,13938954
635,13947051,635,\x71c3315b18f1f120b8d00fed2af800da4a53c5f6,13947051
636,13865700,636,\x7d26d3bd8e5eee24697ecdf4f7b41c2ca2f92f30,13865700
637,14024404,637,\xdf41a9cb5573df1c07b0fb0317b8c85cd5480644,14024404
638,13846358,638,\xaae99871b32a731ddeaeee18517e365ebe44f395,13846358
639,13940344,639,\x4c1b38d095b5b9918a33c13c0195660f8777b6c4,13940344
640,13940338,640,\x4c1b38d095b5b9918a33c13c0195660f8777b6c4,13940338
641,13911792,641,\x13c79ea0db12eae112a3c1c15b1eaf559297b8a8,13911792
642,13862250,642,\x21a7c7a249858580dd2b01ebb5a752ce8cd7e8aa,13862250
643,14095174,643,\x8114e78965b7f7e52e35b2cfbe33973a4ef320cb,14095174
644,13824858,644,\x553e14ca44fb87461e793d4e5f8658d0bb31be47,13824858
645,13847204,645,\x234e8c96facc6f6f84f8b14185ffaa11d77fefbf,13847204
646,13824466,646,\x3ead6b1dfc3173a26dc0fbeb51401aec961c6323,13824466
647,14061694,647,\x49819341f719e17bf928ae48b2ae5b1130db67da,14061694
648,13948819,648,\xc3c50d8ae310a06800696ff7218458350cfcca1d,13948819
650,13864087,650,\x73bf4353cc4fc35f40e3fe53281374069bb1ae96,13864087
651,13819612,651,\x726cdc837384a7deb8bbea64beba2e7b4d7346c0,13819612
652,13949130,652,\xd1288dede59a193a6d4ad25644adbb4607b03597,13949130
653,14034120,653,\xfe202706e36f31afbaf4b4543c2a8bba4ddb2dee,14034120
654,13941476,654,\xfd6016181d5f4830d820fcf5da43017e6e97ccee,13941476
655,13941476,655,\xfd6016181d5f4830d820fcf5da43017e6e97ccee,13941476
656,13935055,656,\x94fc0c2446624e4a1832c12a4712ca110f3c5e3c,13935055
657,13819612,657,\x726cdc837384a7deb8bbea64beba2e7b4d7346c0,13819612
658,13919103,658,\x443eb1f18cf8fd345df376078c72e00b27e3f6a3,13919103
659,13931384,659,\x8678c5b0cd7c9538bf075ec931904bce67d1228c,13931384
660,13852949,660,\x2521b969ca655c89d6412e2b7758507c52451046,13852949
661,13830104,661,\x1c544fb25e0d4d37694e257bd2bfcfbf4e8c3f76,13830104
662,14040100,662,\xccf343eef0c5f2590ee30efc9f564b33aeb3c7e6,14040100
663,13831063,663,\x7ca2b8b8a6c81cbd6d69267bc7854273d048294d,13831063
664,13938841,664,\xaae99871b32a731ddeaeee18517e365ebe44f395,13938841
665,14038114,665,\x31231036ed51376a70b3824d7da1a4e036def5a4,14038114
666,13880025,666,\xd1c40aa6bea19a5ee528403ecea7d08e5de52683,13880025
667,14102492,667,\x686dff34c9666020addd4de680dec250c3bf4ae8,14102492
668,14070230,668,\xd076cbaec6cfd31713039b160c0aa31d0a662644,14070230
669,13818594,669,\xb32fc7b40a89e0547bd16664a57fcfceecbeeeec,13818594
670,13818607,670,\xb32fc7b40a89e0547bd16664a57fcfceecbeeeec,13818607
671,13866370,671,\x1945578febab92a095b510d1ab483e26b59c696e,13866370
672,14103184,672,\x682e95526f05d5c206e04ea18b7ad4ad8bc44567,14103184
673,13940423,673,\xae4c7f2b914b7dfcd5e1d22d30b4325910aa709e,13940423
674,13937534,674,\x5e01d59dc16eeefd9ed71723bec4ae98f0df0dd3,13937534
675,13959987,675,\xc00b8adf3953bb443acbf6ed7ccec9078d895074,13959987
676,14102069,676,\x4dfd1688ec88704e0d43976c58c34dcdb12ab55c,14102069
677,13928176,677,\x16dd33971bc1234e6069411a70a4382c1f4b6e80,13928176
678,14025137,678,\x8a876c5bc968dd8b4671a99bd5e6c1d54e1e7f19,14025137
679,13944797,679,\xe9725f63dc6afc4c4d8958dde82d41dd3d490554,13944797
680,14035460,680,\x7d4c4d5380ca2f9c7a091bb622b80613da7eae8c,14035460
681,13840104,681,\x4b622a260c6510f66969355150b1aff418d252a0,13840104
682,13825081,682,\x60d8f4a0070d03a32f1fbd37e136e60e877835a2,13825081
683,13838751,683,\x4bb7fba588b4254536de4316e8fb346bbe275ecb,13838751
684,13906894,684,\x97852657d38e6d4f4ba79c70ad6961bc384cba7e,13906894
685,13838780,685,\x4bb7fba588b4254536de4316e8fb346bbe275ecb,13838780
686,13838749,686,\x4bb7fba588b4254536de4316e8fb346bbe275ecb,13838749
687,13865700,687,\x7d26d3bd8e5eee24697ecdf4f7b41c2ca2f92f30,13865700
688,13953098,688,\xaae99871b32a731ddeaeee18517e365ebe44f395,13953098
689,14044961,689,\xd076cbaec6cfd31713039b160c0aa31d0a662644,14044961
690,13827816,690,\x7ca2b8b8a6c81cbd6d69267bc7854273d048294d,13827816
691,13865700,691,\x7d26d3bd8e5eee24697ecdf4f7b41c2ca2f92f30,13865700
692,13950460,692,\xab30f11201d6d53215729d45dc05a0966c237922,13950460
693,13910420,693,\xfe1a286d8bc77a5941ef5e6e61647b391d8bded9,13910420
694,14124727,694,\x7d4c4d5380ca2f9c7a091bb622b80613da7eae8c,14124727
695,13872457,695,\x4bea1fbffa98b51762897fe821539a9768869765,13872457
696,13846832,696,\xb03dfb23338df6fe1762739c23bd7d8213c043aa,13846832
697,14102069,697,\x4dfd1688ec88704e0d43976c58c34dcdb12ab55c,14102069
698,13846711,698,\xf4fcc2d19ae692a7aeb7d540139a37c7af1205c4,13846711
699,13936304,699,\x90e5aa59a9df2add394df81521dbbed5f3c4a1a3,13936304
700,13896990,700,\xb9ccfc18b941a2cc51a956aa6c83360eb9d58de7,13896990
701,13996200,701,\x478f25e0856aa133f7f9f68f1dab2505b6ef9bd1,13996200
702,13928121,702,\x90f99593761048f38e1b05ffc9807c50260ff578,13928121
703,13938954,703,\x1b5b7b514771beec3c83add7e0165166dbc77320,13938954
704,13846685,704,\xcf29e3606e302347cf445ba770aa7455f00872da,13846685
705,13938199,705,\x59cea9c7245276c06062d2fe3f79ee21fc70b53c,13938199
706,13833812,706,\xb9ccfc18b941a2cc51a956aa6c83360eb9d58de7,13833812
707,13937413,707,\xd72d454596ea68223f5b3af691c6e04a1f4ad054,13937413
708,13949513,708,\x66314d1cc7d0536cdfb5925fc05acd0502d78c7e,13949513
709,14034120,709,\xfe202706e36f31afbaf4b4543c2a8bba4ddb2dee,14034120
710,13816413,710,\x6bb58375ef4631e464c0654873d7b8c335c1d0a2,13816413
711,13819612,711,\x726cdc837384a7deb8bbea64beba2e7b4d7346c0,13819612
712,13896508,712,\x60f3e8e3ee4b2a8425ccc3a812a9d7cf0a79c76e,13896508
713,14070429,713,\x83baf7c1b4ba0a4fcdb7c20120c60b858fda55f3,14070429
714,13979611,714,\x478f25e0856aa133f7f9f68f1dab2505b6ef9bd1,13979611
715,14058232,715,\x758f3ae0ee6050153fa630725c1fc39a3002fd22,14058232
716,14025358,716,\xa63fdb9ea2a842ceae394e0641afd667de087b76,14025358
717,13935947,717,\x5f350bf5fee8e254d6077f8661e9c7b83a30364e,13935947
718,13819005,718,\x3ce8ce4a5ee7d6ef768df4ad35bf245e0d0314db,13819005
719,13841224,719,\x9fecf056375a973308bb3d6fb6b1c230cfd21456,13841224
720,14070301,720,\xdf41a9cb5573df1c07b0fb0317b8c85cd5480644,14070301
721,13938954,721,\x1b5b7b514771beec3c83add7e0165166dbc77320,13938954
722,14081649,722,\xa31b26dd555d594820ff909e4e6cc4fcc8867e20,14081649
723,13938954,723,\x1b5b7b514771beec3c83add7e0165166dbc77320,13938954
724,13938247,724,\xe91cbc483a8fda6bc377ad8b8c717f386a93d349,13938247
725,13931304,725,\x2ddde30552089dc7f0645ac703f7d5edeb25ffa0,13931304
726,13825662,726,\x878c23428843f6a10472f68067384bc1c88631a1,13825662
727,13826834,727,\x105d31a355ea60292df0d39adcf2aedba83767a2,13826834
728,13890387,728,\x39c90214f5afba11aaa07616a1f9615915b13e38,13890387
729,13937309,729,\x186bad94057591918c3265c4ddb12874324be8ac,13937309
730,13947946,730,\xd77a8cde26afb5b711f0e25c23a48562d5259bf3,13947946
731,13820011,731,\x896b94f4f27f12369698c302e2049cae86936bbb,13820011
732,13938954,732,\x1b5b7b514771beec3c83add7e0165166dbc77320,13938954
733,13817284,733,\x24a23af4c7a1449a1669d7f1bfdb116480b8e691,13817284
734,13838372,734,\xa94b40c53432f0576e64873ce1cead1aae62fc90,13838372
735,13822820,735,\x38fd0b5e45cce5dd2e84776da4b0a88fdb8b2ee4,13822820
736,13838541,736,\x686dff34c9666020addd4de680dec250c3bf4ae8,13838541
737,13947040,737,\xc805d78c75690c803508a2ce4f2c285aecdc5b51,13947040
738,13938954,738,\x1b5b7b514771beec3c83add7e0165166dbc77320,13938954
739,13816721,739,\xa5111b65d6fa35b5b832b8e4002ebb05f3031ae6,13816721
740,13828849,740,\xca4a31c7ebcb126c60fab495a4d7b545422f3aaf,13828849
741,13846747,741,\x8edfc435bb04d169276b941b0c3951819275c787,13846747
742,13864744,742,\xf10944d1460c3820fb2e144cfd6c3426b5edc533,13864744
743,13836451,743,\x477e0d5c6323fe7106e9fa39a5089baecf5b0a93,13836451
744,14094773,744,\xf8471a5cec16b94b2134adb9cafd3c06d18d983b,14094773
745,13835019,745,\x76918841298c0eecf0fe9409cdad3000320666ed,13835019
746,13931322,746,\xf384b27bd8f38d49b6704b355d51333ff5243e65,13931322
747,13842050,747,\xb0d7fa7ee6b17fd4a94624c6ac040254858504da,13842050
748,13955237,748,\xe6a3091377b9018175cb57f8b37f41263fe2177c,13955237
749,13997942,749,\xa186727fdaf90cd7d9972572e32c618ce04206f8,13997942
750,14101557,750,\x7904adb48351af7b835cb061316795d5226b7f1a,14101557
751,13865700,751,\x7d26d3bd8e5eee24697ecdf4f7b41c2ca2f92f30,13865700
752,13865724,752,\x153ef55ad7d916a25dc9e5e5cf4f87d5faea339d,13865724
753,13951928,753,\x8285a274316496165682e984ebd11183814aeb2f,13951928
754,13941123,754,\x304cb3e7ac683571eea99baab5ad47b5163c4798,13941123
755,13947979,755,\x6a51c6d4eaa88a5f05a920cf92a1c976250711b4,13947979
756,13843451,756,\x9d156bc7c8768294510a4a41883d5a4eb15b15e3,13843451
757,13819942,757,\x896b94f4f27f12369698c302e2049cae86936bbb,13819942
758,13902710,758,\x766a6923a62d062fa6da59f91d9b669a85bc7b15,13902710
759,13916475,759,\x01ac68e13a759f15cc93c9050e03eedeb6af05cd,13916475
760,14094906,760,\x888e7b5167c066568435fc5989bed01f55f7e6a8,14094906
761,13841289,761,\x9fecf056375a973308bb3d6fb6b1c230cfd21456,13841289
762,13937108,762,\x3b2534b8ea1f9a8bf9d9915b91bae673d161f2a5,13937108
763,13842490,763,\x46ae5b30edfde7a6f83285f8ae98a2e97c9445dd,13842490
764,13822131,764,\xc801398b8937885d3b56b14eaf61f1f9a726458c,13822131
765,13822141,765,\xc801398b8937885d3b56b14eaf61f1f9a726458c,13822141
766,13915861,766,\x18d301c6e31e77b7cb5c6fc0ddc01a739526559d,13915861
767,13945562,767,\xf366bb8fa0e4019d5f68c6e97d31883f3660fa6d,13945562
768,13943870,768,\x57524efc73e194e4f19dc1606fb7a3e1dbf719b3,13943870
769,13945562,769,\xf366bb8fa0e4019d5f68c6e97d31883f3660fa6d,13945562
770,13859761,770,\xb9ccfc18b941a2cc51a956aa6c83360eb9d58de7,13859761
771,13976251,771,\x052969e4ad727269f8523b76d4eded9d2dec4eb8,13976251
772,13940727,772,\x9a15e7cbab4317131592dcd3c4ad46e7596c0afc,13940727
773,14020764,773,\xcadf27617c932594d840b220e39db61b46bc4720,14020764
774,13819612,774,\x726cdc837384a7deb8bbea64beba2e7b4d7346c0,13819612
775,14024671,775,\xad6ee7c40d7d80a6c404e82e77cde5c5088e98a5,14024671
776,14021545,776,\xcfcdcde4d1c654ed980b4b3f6ff782194b3aa666,14021545
777,13826655,777,\x5ea537cf2f67ca2f18bed0d7fc904959a77f0f8b,13826655
778,14113221,778,\xa5db44e5002d9558a04337f50f9212d5ce715a8a,14113221
779,13946245,779,\x7eff82e302792e91f8da17653ba7d7aeeb59c9d6,13946245
780,13937878,780,\x234e8c96facc6f6f84f8b14185ffaa11d77fefbf,13937878
781,14035338,781,\xa1c423a049a4672b81ce004c7fc5295a114afc6b,14035338
782,13940315,782,\x4129b4337d5a2f7278a02ff15bb1e4e548d8ee60,13940315
783,13931360,783,\x54bcd31ca05680f24f9ad644187e06c5deaec649,13931360
784,14103184,784,\x682e95526f05d5c206e04ea18b7ad4ad8bc44567,14103184
785,14121981,785,\x8bace3a49a375027868cdd34e84521eed1f1b01d,14121981
786,14078691,786,\x8bace3a49a375027868cdd34e84521eed1f1b01d,14078691
787,14034532,787,\xf3b8869c906f5c185084ab379de0c607f23f4747,14034532
788,13945213,788,\x09be9ab0eb61327d26904bae69efdc6633d5eec8,13945213
789,14034662,789,\x758f3ae0ee6050153fa630725c1fc39a3002fd22,14034662
790,13846358,790,\xaae99871b32a731ddeaeee18517e365ebe44f395,13846358
791,13955309,791,\xc8430556db46fbb9ef7875dc3d20bcf93a2b13e8,13955309
792,13839575,792,\x512e3eb472d53df71db0252cb8dccd25cd05e9e9,13839575
793,13819829,793,\x078e88e465f2a430399e319d57543a7a76e97668,13819829
794,13819829,794,\x078e88e465f2a430399e319d57543a7a76e97668,13819829
795,13829283,795,\x6cf51fdef74d02296017a1129086ee9c3477dc01,13829283
796,13940949,796,\xf3bb97e22ee247b5c38fe2ee4367145d7f908fe6,13940949
797,13938954,797,\x1b5b7b514771beec3c83add7e0165166dbc77320,13938954
798,13941151,798,\xf3bb97e22ee247b5c38fe2ee4367145d7f908fe6,13941151
799,13940471,799,\xf4e4d43692db4645bf99c9a58f87b0e14b5a04b8,13940471
800,14034120,800,\xfe202706e36f31afbaf4b4543c2a8bba4ddb2dee,14034120
801,13823655,801,\x7ca2b8b8a6c81cbd6d69267bc7854273d048294d,13823655
802,13981901,802,\xfe192ec5f16cee038e70afd28a42fb466d8e2569,13981901
803,13864537,803,\xe54cf30a3f31f3076e9ab5bd122379545a137b4c,13864537
804,13822882,804,\x38fd0b5e45cce5dd2e84776da4b0a88fdb8b2ee4,13822882
805,13854751,805,\xf568b4ea972ae15f69453d96fa172093971a6304,13854751
806,13865724,806,\x153ef55ad7d916a25dc9e5e5cf4f87d5faea339d,13865724
807,13847161,807,\x4f7fd43130456f42b474b9282132d74e6f504ab5,13847161
808,13824818,808,\x7ca2b8b8a6c81cbd6d69267bc7854273d048294d,13824818
809,13939035,809,\x9b0726e95e72eb6f305b472828b88d2d2bdd41c7,13939035
810,13845746,810,\xcca178a04d83af193330c7927fb9a42212fb1c25,13845746
811,13935323,811,\x906b2c6a6886fd3aaea88cbb9eb2b530aa62c1ac,13935323
812,13841680,812,\xa63fdb9ea2a842ceae394e0641afd667de087b76,13841680
813,13841883,813,\xa63fdb9ea2a842ceae394e0641afd667de087b76,13841883
814,13841673,814,\x69a263804bc8ea966095ea21aea58b9ea6bf52a7,13841673
815,13989430,815,\x25b0c64cf7fcfbeb25c2873b51e555c408f2bba1,13989430
816,13817703,816,\x7f08d733a2c4e65e88975aef8f80fa694ef339c1,13817703
817,13839178,817,\x4b5af655bc8ba0b79a5544a9067c7ba1e966b8ee,13839178
818,14079445,818,\x61751bc401f4eabe10a238661b4a60ba84910059,14079445
819,13954631,819,\xe9725f63dc6afc4c4d8958dde82d41dd3d490554,13954631
820,13854262,820,\x7e8a80b55b352eb5cadf7f58e2e03d68d7219123,13854262
821,14024404,821,\xdf41a9cb5573df1c07b0fb0317b8c85cd5480644,14024404
822,13864087,822,\x73bf4353cc4fc35f40e3fe53281374069bb1ae96,13864087
823,13847167,823,\x4f7fd43130456f42b474b9282132d74e6f504ab5,13847167
824,13860233,824,\x2091b12446f0e79cc5ea6657ed52a9dee5ee91a8,13860233
825,13817727,825,\x7f08d733a2c4e65e88975aef8f80fa694ef339c1,13817727
826,13937309,826,\x186bad94057591918c3265c4ddb12874324be8ac,13937309
827,14034120,827,\xfe202706e36f31afbaf4b4543c2a8bba4ddb2dee,14034120
828,13938954,828,\x1b5b7b514771beec3c83add7e0165166dbc77320,13938954
829,13938486,829,\xed3c3bffcf147850406d0e58ce4f4ebd2b5cd96c,13938486
830,13880792,830,\xf5dcb2a47f738d8ba39f9fa2ddc7592f268a262a,13880792
831,13940109,831,\x22055b8bba54e9ae57672afa1aebd71d3e393115,13940109
832,13941820,832,\x023802eb071e6bbd42ae13e7b0d9b005d93d293c,13941820
833,13856641,833,\x7326f20e7c774e91c7f2a3971c43296cd3a5fc5d,13856641
834,13999735,834,\x66b333423409d3ae4008d6fcc84aadaa8d31a0c1,13999735
835,13842562,835,\x69a263804bc8ea966095ea21aea58b9ea6bf52a7,13842562
836,13880820,836,\xa94b40c53432f0576e64873ce1cead1aae62fc90,13880820
837,14082423,837,\xab1591edd02b43527dbe05a33ab4b96b1729ac2e,14082423
838,13829413,838,\xb71b13b85d2c094b0fdec64ab891b5bf5f110a8e,13829413
839,13831787,839,\xb71b13b85d2c094b0fdec64ab891b5bf5f110a8e,13831787
840,13941557,840,\xec95ff44314a3f207c4d245d6552ca79ec4f3eab,13941557
841,13937515,841,\x2ec8c099ce47358695097d8ae9bd8554619d4d6f,13937515
842,13859761,842,\xb9ccfc18b941a2cc51a956aa6c83360eb9d58de7,13859761
843,14034120,843,\xfe202706e36f31afbaf4b4543c2a8bba4ddb2dee,14034120
844,14035460,844,\x7d4c4d5380ca2f9c7a091bb622b80613da7eae8c,14035460
845,13838756,845,\x4bb7fba588b4254536de4316e8fb346bbe275ecb,13838756
846,14102069,846,\x4dfd1688ec88704e0d43976c58c34dcdb12ab55c,14102069
847,14124845,847,\x30e28648e903f077f120e48330b005822760ddbb,14124845
848,13824882,848,\x7ca2b8b8a6c81cbd6d69267bc7854273d048294d,13824882
849,13871107,849,\x303425052e462dd0f3044aee17e1f5be9c7de783,13871107
850,14034120,850,\xfe202706e36f31afbaf4b4543c2a8bba4ddb2dee,14034120
851,13847081,851,\x512e3eb472d53df71db0252cb8dccd25cd05e9e9,13847081
852,13894289,852,\x1036e10a9bb2d502db06407c5acb4e22ac3c8c29,13894289
853,13846284,853,\x86b2b40cff97f182922b957d6a44dd83149b1491,13846284
854,13819612,854,\x726cdc837384a7deb8bbea64beba2e7b4d7346c0,13819612
855,13872166,855,\x3348482c926beeb269dbf5c150af14e65f48b757,13872166
856,13942802,856,\xafe6520e39b77158e15b3377c1528b590a887800,13942802
857,13853044,857,\x9571786ca88afb3c42f33668195f5795c7c3af0f,13853044
858,13911792,858,\x13c79ea0db12eae112a3c1c15b1eaf559297b8a8,13911792
859,14024404,859,\xdf41a9cb5573df1c07b0fb0317b8c85cd5480644,14024404
860,13989430,860,\x25b0c64cf7fcfbeb25c2873b51e555c408f2bba1,13989430
861,13849481,861,\xad9f9194c68bd83250a534a7da574687e1f102ff,13849481
862,13849838,862,\xad9f9194c68bd83250a534a7da574687e1f102ff,13849838
863,13849468,863,\xad9f9194c68bd83250a534a7da574687e1f102ff,13849468
864,13943722,864,\x13c79ea0db12eae112a3c1c15b1eaf559297b8a8,13943722
865,13940109,865,\x22055b8bba54e9ae57672afa1aebd71d3e393115,13940109
866,13944478,866,\x787551ae0ab07de8eb91d1535dbd37f379b0111d,13944478
867,13940928,867,\x78a1450692a739396475ea201a312942f9fb0c2c,13940928
868,13823656,868,\x7ca2b8b8a6c81cbd6d69267bc7854273d048294d,13823656
869,13846358,869,\xaae99871b32a731ddeaeee18517e365ebe44f395,13846358
870,13838597,870,\x72cc4c9f711097286c4e2f7b01a1ec76166f9e4d,13838597
871,13980209,871,\xfe192ec5f16cee038e70afd28a42fb466d8e2569,13980209
872,14024404,872,\xdf41a9cb5573df1c07b0fb0317b8c85cd5480644,14024404
873,13845728,873,\xcca178a04d83af193330c7927fb9a42212fb1c25,13845728
874,14084162,874,\x247b7e245002e6b525782366dec32446f645320d,14084162
875,13847185,875,\x4f7fd43130456f42b474b9282132d74e6f504ab5,13847185
876,13829376,876,\xb71b13b85d2c094b0fdec64ab891b5bf5f110a8e,13829376
877,14027838,877,\x4fc19eea0e0b5ea7607a4527c1e7dd1b1fdbe3aa,14027838
878,14074629,878,\x7fb3e57da24cf884e34424709138d27a54b1fec3,14074629
879,13859761,879,\xb9ccfc18b941a2cc51a956aa6c83360eb9d58de7,13859761
881,13894467,881,\x5a2a4a9d322f8ead0279546a6cfc394e3a330d09,13894467
882,13969642,882,\x7aa335dd4b35a47e4ac23e6b9201893665c3c12d,13969642
883,13941809,883,\x57524efc73e194e4f19dc1606fb7a3e1dbf719b3,13941809
884,13845739,884,\xcca178a04d83af193330c7927fb9a42212fb1c25,13845739
885,13821312,885,\xcb8214e2ba339db116dd3f0e5362e2ece033b9dc,13821312
886,13872530,886,\x194f0fe6d4dfbf198868b1b507cd74122fbfebcc,13872530
887,13846267,887,\x86b2b40cff97f182922b957d6a44dd83149b1491,13846267
888,13864157,888,\xb3aeaf62defe5811a1d733d59099051f406ad5e5,13864157
889,13943688,889,\x13c79ea0db12eae112a3c1c15b1eaf559297b8a8,13943688
890,14102069,890,\x4dfd1688ec88704e0d43976c58c34dcdb12ab55c,14102069
891,13846788,891,\x7a6a9596af512a7e5b1ef331a70015cd3defa1f2,13846788
892,14113226,892,\xa5db44e5002d9558a04337f50f9212d5ce715a8a,14113226
893,14031150,893,\x09e62c5afb91db6b5928f53e2c10117f3b7ad738,14031150
894,13952374,894,\x7fb3a02537fb76d9a1a4a2ffe9ff2e2c677c5808,13952374
895,13890387,895,\x39c90214f5afba11aaa07616a1f9615915b13e38,13890387
896,13859761,896,\xb9ccfc18b941a2cc51a956aa6c83360eb9d58de7,13859761
897,14008152,897,\xc1f841e806901cac37dfe36ca63b849cee757b8f,14008152
898,13949501,898,\xf94455064dfc1bd53de14fed27637b46da39d917,13949501
899,14024432,899,\xa522048f3084d25cddb5b7bba83374272322eb61,14024432
900,13824821,900,\x7ca2b8b8a6c81cbd6d69267bc7854273d048294d,13824821
901,13986260,901,\x97852657d38e6d4f4ba79c70ad6961bc384cba7e,13986260
902,13945908,902,\x2caf97331ffa906b8080165996fe57c6d5eac986,13945908
903,14115259,903,\x8fac841807e21807f511daf3c04a34cd78661f4c,14115259
904,13941056,904,\x57524efc73e194e4f19dc1606fb7a3e1dbf719b3,13941056
905,13943870,905,\x57524efc73e194e4f19dc1606fb7a3e1dbf719b3,13943870
906,13938954,906,\x1b5b7b514771beec3c83add7e0165166dbc77320,13938954
907,13833812,907,\xb9ccfc18b941a2cc51a956aa6c83360eb9d58de7,13833812
908,13911792,908,\x13c79ea0db12eae112a3c1c15b1eaf559297b8a8,13911792
909,13936875,909,\xea2292f04a0e02269bf30a71058df87886224388,13936875
910,13846269,910,\x86b2b40cff97f182922b957d6a44dd83149b1491,13846269
911,13886971,911,\x8678c5b0cd7c9538bf075ec931904bce67d1228c,13886971
912,13824818,912,\x7ca2b8b8a6c81cbd6d69267bc7854273d048294d,13824818
913,13831103,913,\x7ca2b8b8a6c81cbd6d69267bc7854273d048294d,13831103
914,13827812,914,\x7ca2b8b8a6c81cbd6d69267bc7854273d048294d,13827812
915,13829413,915,\xb71b13b85d2c094b0fdec64ab891b5bf5f110a8e,13829413
916,13829408,916,\xb71b13b85d2c094b0fdec64ab891b5bf5f110a8e,13829408
917,13938173,917,\x8d92ca432fc474c9cf5e56203a7e5fb752326d35,13938173
918,14002398,918,\xecf7f0e13e4909d244b924579d1bca4b0729f707,14002398
919,13911792,919,\x13c79ea0db12eae112a3c1c15b1eaf559297b8a8,13911792
920,14122436,920,\xddd75df073742bf91bf68fffabdfbc2f75ca37ab,14122436
921,13838525,921,\x94fc0c2446624e4a1832c12a4712ca110f3c5e3c,13838525
922,13838519,922,\x94fc0c2446624e4a1832c12a4712ca110f3c5e3c,13838519
923,13939816,923,\x94fc0c2446624e4a1832c12a4712ca110f3c5e3c,13939816
924,13952131,924,\x4c9c3626cf1828da7b58a50dc2f6aa2c4546609e,13952131
925,13865700,925,\x7d26d3bd8e5eee24697ecdf4f7b41c2ca2f92f30,13865700
926,13841296,926,\xd9ec86bd02f88f7888c70a0bbfd8fc47c7e7332f,13841296
927,13821477,927,\x2fcebbf54251691cc8730392fdac752c019d659c,13821477
928,13907241,928,\x97852657d38e6d4f4ba79c70ad6961bc384cba7e,13907241
929,13983524,929,\xe9725f63dc6afc4c4d8958dde82d41dd3d490554,13983524
930,13938632,930,\x51845fad9e2afbc9f6f07cfd60fdba45df1e3c2d,13938632
931,13962132,931,\xea51eba9bb1ab2faab5cbce73012c5dcfa4405c0,13962132
932,13949130,932,\xd1288dede59a193a6d4ad25644adbb4607b03597,13949130
933,13936804,933,\xc2a796d8b32f8dcf56e3d6b0af2528d898e80288,13936804
934,13828819,934,\xca4a31c7ebcb126c60fab495a4d7b545422f3aaf,13828819
935,14032544,935,\x9da6640321b9c7a538b5b126e2cfbdc6a999144c,14032544
936,13866152,936,\xfc45aa31f41e9c90ca0ae0b222a9b523f345ee3c,13866152
937,13826397,937,\x7ba6527419152e17d78daccbb89a51ab71c8d200,13826397
938,14061878,938,\x8cbcc1f43789bc5adce858151e3519e9c0df03ea,14061878
939,13840525,939,\x20a2ef7b65411aafe540fdf06bb57efe0ab2965c,13840525
940,13925896,940,\xd1dfa3c5794c4ce2e0af0bf400c6fcd59e63c18d,13925896
941,13840244,941,\xb74e5e06f50fa9e4ef645efdad9d996d33cc2d9d,13840244
942,13840238,942,\xb74e5e06f50fa9e4ef645efdad9d996d33cc2d9d,13840238
943,13937618,943,\x36728c45fc9d563baf6cf242c527e2246322c265,13937618
944,13838756,944,\x4bb7fba588b4254536de4316e8fb346bbe275ecb,13838756
945,13948819,945,\xc3c50d8ae310a06800696ff7218458350cfcca1d,13948819
946,13940375,946,\x7f08d733a2c4e65e88975aef8f80fa694ef339c1,13940375
947,13833812,947,\xb9ccfc18b941a2cc51a956aa6c83360eb9d58de7,13833812
948,13948819,948,\xc3c50d8ae310a06800696ff7218458350cfcca1d,13948819
949,13838722,949,\x686dff34c9666020addd4de680dec250c3bf4ae8,13838722
950,13846279,950,\x86b2b40cff97f182922b957d6a44dd83149b1491,13846279
951,14005782,951,\xc27c45d6d420d80b57a85ab7aa479480b44ef6e2,14005782
952,13945333,952,\x4c1aabab6bdc1f3fd3b0e28f83a8ec5ce344ef93,13945333
953,13859761,953,\xb9ccfc18b941a2cc51a956aa6c83360eb9d58de7,13859761
954,13996882,954,\xe70949032907349a132e6793140679b43072f1e6,13996882
955,13871107,955,\x303425052e462dd0f3044aee17e1f5be9c7de783,13871107
956,13860232,956,\x2091b12446f0e79cc5ea6657ed52a9dee5ee91a8,13860232
957,13841970,957,\x94c99ba7a0dcba1c4a1f529ef18b6cb0d918e72c,13841970
958,13938954,958,\x1b5b7b514771beec3c83add7e0165166dbc77320,13938954
960,13866370,960,\x1945578febab92a095b510d1ab483e26b59c696e,13866370
961,13937158,961,\x0a605f26a5b6c37b27fddb155ccb495fd4f128c0,13937158
962,13935266,962,\x997b007a41ab0ee8ef0fc51d23fed1dc205d8edf,13935266
963,14021924,963,\xe9725f63dc6afc4c4d8958dde82d41dd3d490554,14021924
964,14124845,964,\x30e28648e903f077f120e48330b005822760ddbb,14124845
965,13845658,965,\x37827e9c6297542fbd5b1d0891260cd7386f3012,13845658
966,13937097,966,\x37dbc4adbac2e6a6a3a8c513602d70c2a3184127,13937097
967,13990894,967,\xb0d7fa7ee6b17fd4a94624c6ac040254858504da,13990894
968,13818200,968,\xb9ccfc18b941a2cc51a956aa6c83360eb9d58de7,13818200
969,13946245,969,\x7eff82e302792e91f8da17653ba7d7aeeb59c9d6,13946245
970,13841845,970,\x22965c55ce2676812396bfd970d59e0a18e2f5e2,13841845
971,14123918,971,\x78513956fa6e76b040a33d1dacb76be3cd6577ae,14123918
972,13938954,972,\x1b5b7b514771beec3c83add7e0165166dbc77320,13938954
973,13921451,973,\x8c8024bf5f90a06cced7d32babccb934942c82f6,13921451
974,13966568,974,\x539c82d5cb886c94dd3e2d76dd5c73936c1cf391,13966568
975,13826648,975,\x105d31a355ea60292df0d39adcf2aedba83767a2,13826648
976,13859761,976,\xb9ccfc18b941a2cc51a956aa6c83360eb9d58de7,13859761
977,14121010,977,\x34a370d288734d23bc48a926cad90a6615abe4e3,14121010
978,14024404,978,\xdf41a9cb5573df1c07b0fb0317b8c85cd5480644,14024404
979,13838563,979,\x41570c89945fbb4c63c4a89df418eb6d1677552b,13838563
980,14124845,980,\x30e28648e903f077f120e48330b005822760ddbb,14124845
981,13828050,981,\x4bed23c363f51c4ff842eb0c1cded2010e4491a5,13828050
982,13817719,982,\x7f08d733a2c4e65e88975aef8f80fa694ef339c1,13817719
983,13935376,983,\x7ca38bac0a7c2d603e0d877f2c16e6792d7e9ee5,13935376
984,13843492,984,\xf384b27bd8f38d49b6704b355d51333ff5243e65,13843492
985,13871418,985,\x143859e4306f2f0448b95a43e640bebe8b4b8740,13871418
986,13871418,986,\x143859e4306f2f0448b95a43e640bebe8b4b8740,13871418
987,13840572,987,\x516d70b430894bf4bdfdd3f5640efe5d880ab174,13840572
988,14085595,988,\x66b333423409d3ae4008d6fcc84aadaa8d31a0c1,14085595
989,13824821,989,\x7ca2b8b8a6c81cbd6d69267bc7854273d048294d,13824821
991,14076010,991,\x75448866cee7a4680dc58fe846446af71f9f8438,14076010
992,13819813,992,\x3791d26735a488c38a1879575f80d309b27e5b0c,13819813
993,13865700,993,\x7d26d3bd8e5eee24697ecdf4f7b41c2ca2f92f30,13865700
994,13937618,994,\x36728c45fc9d563baf6cf242c527e2246322c265,13937618
995,13859761,995,\xb9ccfc18b941a2cc51a956aa6c83360eb9d58de7,13859761
996,13864288,996,\xd3143da6441611570a85a855d842b1d4f55bc28b,13864288
997,14083868,997,\x40c3a9fbc5cbcc3910d191dac938c8edec0e768f,14083868
998,13820099,998,\x078e88e465f2a430399e319d57543a7a76e97668,13820099
999,13934508,999,\x90e5aa59a9df2add394df81521dbbed5f3c4a1a3,13934508
1000,13841681,1000,\xa63fdb9ea2a842ceae394e0641afd667de087b76,13841681
