id,owner
1,0xe7bD8A7C642E807b820C483f87B28f11a796fB37
2,0xB7D9945166e3DA89ee4c0947230753d656D116a5
3,0xe7bD8A7C642E807b820C483f87B28f11a796fB37
4,0xe7bD8A7C642E807b820C483f87B28f11a796fB37
5,0xe7bD8A7C642E807b820C483f87B28f11a796fB37
6,0xe7bD8A7C642E807b820C483f87B28f11a796fB37
7,0xe7bD8A7C642E807b820C483f87B28f11a796fB37
8,0xe7bD8A7C642E807b820C483f87B28f11a796fB37
9,0xe7bD8A7C642E807b820C483f87B28f11a796fB37
10,0xe7bD8A7C642E807b820C483f87B28f11a796fB37
11,0xe7bD8A7C642E807b820C483f87B28f11a796fB37
12,0xe7bD8A7C642E807b820C483f87B28f11a796fB37
13,0xe7bD8A7C642E807b820C483f87B28f11a796fB37
14,0xe7bD8A7C642E807b820C483f87B28f11a796fB37
15,0xe7bD8A7C642E807b820C483f87B28f11a796fB37
16,0xe7bD8A7C642E807b820C483f87B28f11a796fB37
17,0xe7bD8A7C642E807b820C483f87B28f11a796fB37
18,0xe7bD8A7C642E807b820C483f87B28f11a796fB37
19,0xe7bD8A7C642E807b820C483f87B28f11a796fB37
20,0xe7bD8A7C642E807b820C483f87B28f11a796fB37
21,0xe7bD8A7C642E807b820C483f87B28f11a796fB37
22,0xe7bD8A7C642E807b820C483f87B28f11a796fB37
23,0xe7bD8A7C642E807b820C483f87B28f11a796fB37
24,0xe7bD8A7C642E807b820C483f87B28f11a796fB37
25,0xe7bD8A7C642E807b820C483f87B28f11a796fB37
26,0xe7bD8A7C642E807b820C483f87B28f11a796fB37
27,0xe7bD8A7C642E807b820C483f87B28f11a796fB37
28,0xe7bD8A7C642E807b820C483f87B28f11a796fB37
29,0xe7bD8A7C642E807b820C483f87B28f11a796fB37
30,0xe7bD8A7C642E807b820C483f87B28f11a796fB37
31,0xe7bD8A7C642E807b820C483f87B28f11a796fB37
32,0xe7bD8A7C642E807b820C483f87B28f11a796fB37
33,0xe7bD8A7C642E807b820C483f87B28f11a796fB37
34,0xe7bD8A7C642E807b820C483f87B28f11a796fB37
35,0xe7bD8A7C642E807b820C483f87B28f11a796fB37
36,0xe7bD8A7C642E807b820C483f87B28f11a796fB37
37,0xe7bD8A7C642E807b820C483f87B28f11a796fB37
38,0xe7bD8A7C642E807b820C483f87B28f11a796fB37
39,0xe7bD8A7C642E807b820C483f87B28f11a796fB37
40,0xe7bD8A7C642E807b820C483f87B28f11a796fB37
41,0xe7bD8A7C642E807b820C483f87B28f11a796fB37
42,0xe7bD8A7C642E807b820C483f87B28f11a796fB37
43,0xe7bD8A7C642E807b820C483f87B28f11a796fB37
44,0xe7bD8A7C642E807b820C483f87B28f11a796fB37
45,0xe7bD8A7C642E807b820C483f87B28f11a796fB37
46,0xe7bD8A7C642E807b820C483f87B28f11a796fB37
47,0xe7bD8A7C642E807b820C483f87B28f11a796fB37
48,0xe7bD8A7C642E807b820C483f87B28f11a796fB37
49,0xe7bD8A7C642E807b820C483f87B28f11a796fB37
50,0xe7bD8A7C642E807b820C483f87B28f11a796fB37
51,0xe7bD8A7C642E807b820C483f87B28f11a796fB37
52,0xe7bD8A7C642E807b820C483f87B28f11a796fB37
53,0xe7bD8A7C642E807b820C483f87B28f11a796fB37
54,0xe7bD8A7C642E807b820C483f87B28f11a796fB37
55,0xe7bD8A7C642E807b820C483f87B28f11a796fB37
56,0xe7bD8A7C642E807b820C483f87B28f11a796fB37
57,0xe7bD8A7C642E807b820C483f87B28f11a796fB37
58,0xe7bD8A7C642E807b820C483f87B28f11a796fB37
59,0xe7bD8A7C642E807b820C483f87B28f11a796fB37
60,0xe7bD8A7C642E807b820C483f87B28f11a796fB37
61,0xe7bD8A7C642E807b820C483f87B28f11a796fB37
62,0xe7bD8A7C642E807b820C483f87B28f11a796fB37
63,0x22055B8BBa54e9aE57672aFA1aEbd71D3e393115
64,0xe7bD8A7C642E807b820C483f87B28f11a796fB37
65,0xe7bD8A7C642E807b820C483f87B28f11a796fB37
66,0xe7bD8A7C642E807b820C483f87B28f11a796fB37
67,0xe7bD8A7C642E807b820C483f87B28f11a796fB37
68,0xe7bD8A7C642E807b820C483f87B28f11a796fB37
69,0xe7bD8A7C642E807b820C483f87B28f11a796fB37
70,0xe7bD8A7C642E807b820C483f87B28f11a796fB37
71,0xe7bD8A7C642E807b820C483f87B28f11a796fB37
72,0xe7bD8A7C642E807b820C483f87B28f11a796fB37
73,0xe7bD8A7C642E807b820C483f87B28f11a796fB37
74,0xe7bD8A7C642E807b820C483f87B28f11a796fB37
75,0xe7bD8A7C642E807b820C483f87B28f11a796fB37
76,0xe7bD8A7C642E807b820C483f87B28f11a796fB37
77,0xe7bD8A7C642E807b820C483f87B28f11a796fB37
78,0xe7bD8A7C642E807b820C483f87B28f11a796fB37
79,0xe7bD8A7C642E807b820C483f87B28f11a796fB37
80,0xe7bD8A7C642E807b820C483f87B28f11a796fB37
81,0xe7bD8A7C642E807b820C483f87B28f11a796fB37
82,0xe7bD8A7C642E807b820C483f87B28f11a796fB37
83,0xe7bD8A7C642E807b820C483f87B28f11a796fB37
84,0xe7bD8A7C642E807b820C483f87B28f11a796fB37
85,0xe7bD8A7C642E807b820C483f87B28f11a796fB37
86,0xe7bD8A7C642E807b820C483f87B28f11a796fB37
87,0xe7bD8A7C642E807b820C483f87B28f11a796fB37
88,0xe7bD8A7C642E807b820C483f87B28f11a796fB37
89,0xe7bD8A7C642E807b820C483f87B28f11a796fB37
90,0xe7bD8A7C642E807b820C483f87B28f11a796fB37
91,0xe7bD8A7C642E807b820C483f87B28f11a796fB37
92,0xe7bD8A7C642E807b820C483f87B28f11a796fB37
93,0xe7bD8A7C642E807b820C483f87B28f11a796fB37
94,0xe7bD8A7C642E807b820C483f87B28f11a796fB37
95,0xe7bD8A7C642E807b820C483f87B28f11a796fB37
96,0xe7bD8A7C642E807b820C483f87B28f11a796fB37
97,0xe7bD8A7C642E807b820C483f87B28f11a796fB37
98,0xe7bD8A7C642E807b820C483f87B28f11a796fB37
99,0xe7bD8A7C642E807b820C483f87B28f11a796fB37
100,0xB19227ef143F10E04af47Df58a8518BEa21230d7
101,0xe7bD8A7C642E807b820C483f87B28f11a796fB37
102,0xe7bD8A7C642E807b820C483f87B28f11a796fB37
103,0xe7bD8A7C642E807b820C483f87B28f11a796fB37
104,0xe7bD8A7C642E807b820C483f87B28f11a796fB37
105,0xe7bD8A7C642E807b820C483f87B28f11a796fB37
106,0xe7bD8A7C642E807b820C483f87B28f11a796fB37
107,0xe7bD8A7C642E807b820C483f87B28f11a796fB37
108,0xe7bD8A7C642E807b820C483f87B28f11a796fB37
109,0xe7bD8A7C642E807b820C483f87B28f11a796fB37
110,0xe7bD8A7C642E807b820C483f87B28f11a796fB37
111,0xe7bD8A7C642E807b820C483f87B28f11a796fB37
112,0xe7bD8A7C642E807b820C483f87B28f11a796fB37
113,0xe7bD8A7C642E807b820C483f87B28f11a796fB37
114,0xe7bD8A7C642E807b820C483f87B28f11a796fB37
115,0xe7bD8A7C642E807b820C483f87B28f11a796fB37
116,0xe7bD8A7C642E807b820C483f87B28f11a796fB37
117,0xe7bD8A7C642E807b820C483f87B28f11a796fB37
118,0xe7bD8A7C642E807b820C483f87B28f11a796fB37
119,0xe7bD8A7C642E807b820C483f87B28f11a796fB37
120,0xe7bD8A7C642E807b820C483f87B28f11a796fB37
121,0xe7bD8A7C642E807b820C483f87B28f11a796fB37
122,0xe7bD8A7C642E807b820C483f87B28f11a796fB37
123,0xe7bD8A7C642E807b820C483f87B28f11a796fB37
124,0xe7bD8A7C642E807b820C483f87B28f11a796fB37
125,0xe7bD8A7C642E807b820C483f87B28f11a796fB37
126,0xe7bD8A7C642E807b820C483f87B28f11a796fB37
127,0xe7bD8A7C642E807b820C483f87B28f11a796fB37
128,0xe7bD8A7C642E807b820C483f87B28f11a796fB37
129,0xe7bD8A7C642E807b820C483f87B28f11a796fB37
130,0xe7bD8A7C642E807b820C483f87B28f11a796fB37
131,0xe7bD8A7C642E807b820C483f87B28f11a796fB37
132,0xe7bD8A7C642E807b820C483f87B28f11a796fB37
133,0xe7bD8A7C642E807b820C483f87B28f11a796fB37
134,0xe7bD8A7C642E807b820C483f87B28f11a796fB37
135,0xe7bD8A7C642E807b820C483f87B28f11a796fB37
136,0xe7bD8A7C642E807b820C483f87B28f11a796fB37
137,0xe7bD8A7C642E807b820C483f87B28f11a796fB37
138,0xe7bD8A7C642E807b820C483f87B28f11a796fB37
139,0xe7bD8A7C642E807b820C483f87B28f11a796fB37
140,0xe7bD8A7C642E807b820C483f87B28f11a796fB37
141,0xe7bD8A7C642E807b820C483f87B28f11a796fB37
142,0xe7bD8A7C642E807b820C483f87B28f11a796fB37
143,0xe7bD8A7C642E807b820C483f87B28f11a796fB37
144,0xe7bD8A7C642E807b820C483f87B28f11a796fB37
145,0xe7bD8A7C642E807b820C483f87B28f11a796fB37
146,0xe7bD8A7C642E807b820C483f87B28f11a796fB37
147,0xe7bD8A7C642E807b820C483f87B28f11a796fB37
148,0xe7bD8A7C642E807b820C483f87B28f11a796fB37
149,0xe7bD8A7C642E807b820C483f87B28f11a796fB37
150,0xe7bD8A7C642E807b820C483f87B28f11a796fB37
151,0xe7bD8A7C642E807b820C483f87B28f11a796fB37
152,0xe7bD8A7C642E807b820C483f87B28f11a796fB37
153,0xe7bD8A7C642E807b820C483f87B28f11a796fB37
154,0xe7bD8A7C642E807b820C483f87B28f11a796fB37
155,0xe7bD8A7C642E807b820C483f87B28f11a796fB37
156,0xe7bD8A7C642E807b820C483f87B28f11a796fB37
157,0xe7bD8A7C642E807b820C483f87B28f11a796fB37
158,0xe7bD8A7C642E807b820C483f87B28f11a796fB37
159,0xe7bD8A7C642E807b820C483f87B28f11a796fB37
160,0xe7bD8A7C642E807b820C483f87B28f11a796fB37
161,0xaF9a0357a8631a4407c16FE8686E7da31e5ACbA9
162,0xe7bD8A7C642E807b820C483f87B28f11a796fB37
163,0xe7bD8A7C642E807b820C483f87B28f11a796fB37
164,0xe7bD8A7C642E807b820C483f87B28f11a796fB37
165,0xe7bD8A7C642E807b820C483f87B28f11a796fB37
166,0xe7bD8A7C642E807b820C483f87B28f11a796fB37
167,0xe7bD8A7C642E807b820C483f87B28f11a796fB37
168,0xe7bD8A7C642E807b820C483f87B28f11a796fB37
169,0xe7bD8A7C642E807b820C483f87B28f11a796fB37
170,0xe7bD8A7C642E807b820C483f87B28f11a796fB37
171,0xe7bD8A7C642E807b820C483f87B28f11a796fB37
172,0xe7bD8A7C642E807b820C483f87B28f11a796fB37
173,0xe7bD8A7C642E807b820C483f87B28f11a796fB37
174,0xe7bD8A7C642E807b820C483f87B28f11a796fB37
175,0xe7bD8A7C642E807b820C483f87B28f11a796fB37
176,0xe7bD8A7C642E807b820C483f87B28f11a796fB37
177,0xe7bD8A7C642E807b820C483f87B28f11a796fB37
178,0xe7bD8A7C642E807b820C483f87B28f11a796fB37
179,0x0613861e15719f7f1C0fc4AAA7EeF05fEC333762
180,0x0613861e15719f7f1C0fc4AAA7EeF05fEC333762
181,0xe7bD8A7C642E807b820C483f87B28f11a796fB37
182,0xe7bD8A7C642E807b820C483f87B28f11a796fB37
183,0xe7bD8A7C642E807b820C483f87B28f11a796fB37
184,0xe7bD8A7C642E807b820C483f87B28f11a796fB37
185,0xe7bD8A7C642E807b820C483f87B28f11a796fB37
186,0xe7bD8A7C642E807b820C483f87B28f11a796fB37
187,0xe7bD8A7C642E807b820C483f87B28f11a796fB37
188,0xe7bD8A7C642E807b820C483f87B28f11a796fB37
189,0xe7bD8A7C642E807b820C483f87B28f11a796fB37
190,0xe7bD8A7C642E807b820C483f87B28f11a796fB37
191,0xe7bD8A7C642E807b820C483f87B28f11a796fB37
192,0xe7bD8A7C642E807b820C483f87B28f11a796fB37
193,0xe7bD8A7C642E807b820C483f87B28f11a796fB37
194,0xe7bD8A7C642E807b820C483f87B28f11a796fB37
195,0xe7bD8A7C642E807b820C483f87B28f11a796fB37
196,0xe7bD8A7C642E807b820C483f87B28f11a796fB37
197,0xe7bD8A7C642E807b820C483f87B28f11a796fB37
198,0xe7bD8A7C642E807b820C483f87B28f11a796fB37
199,0xe7bD8A7C642E807b820C483f87B28f11a796fB37
200,0xe7bD8A7C642E807b820C483f87B28f11a796fB37
201,0xe7bD8A7C642E807b820C483f87B28f11a796fB37
202,0xe7bD8A7C642E807b820C483f87B28f11a796fB37
203,0xe7bD8A7C642E807b820C483f87B28f11a796fB37
204,0xe7bD8A7C642E807b820C483f87B28f11a796fB37
205,0xe7bD8A7C642E807b820C483f87B28f11a796fB37
206,0xe7bD8A7C642E807b820C483f87B28f11a796fB37
207,0xe7bD8A7C642E807b820C483f87B28f11a796fB37
208,0xe7bD8A7C642E807b820C483f87B28f11a796fB37
209,0xe7bD8A7C642E807b820C483f87B28f11a796fB37
210,0xe7bD8A7C642E807b820C483f87B28f11a796fB37
211,0xe7bD8A7C642E807b820C483f87B28f11a796fB37
212,0xe7bD8A7C642E807b820C483f87B28f11a796fB37
213,0xe7bD8A7C642E807b820C483f87B28f11a796fB37
214,0xe7bD8A7C642E807b820C483f87B28f11a796fB37
215,0xe7bD8A7C642E807b820C483f87B28f11a796fB37
216,0xe7bD8A7C642E807b820C483f87B28f11a796fB37
217,0xe7bD8A7C642E807b820C483f87B28f11a796fB37
218,0xe7bD8A7C642E807b820C483f87B28f11a796fB37
219,0xe7bD8A7C642E807b820C483f87B28f11a796fB37
220,0xe7bD8A7C642E807b820C483f87B28f11a796fB37
221,0xe7bD8A7C642E807b820C483f87B28f11a796fB37
222,0xe7bD8A7C642E807b820C483f87B28f11a796fB37
223,0xe7bD8A7C642E807b820C483f87B28f11a796fB37
224,0xe7bD8A7C642E807b820C483f87B28f11a796fB37
225,0xe7bD8A7C642E807b820C483f87B28f11a796fB37
226,0xe7bD8A7C642E807b820C483f87B28f11a796fB37
227,0xe7bD8A7C642E807b820C483f87B28f11a796fB37
228,0xe7bD8A7C642E807b820C483f87B28f11a796fB37
229,0xe7bD8A7C642E807b820C483f87B28f11a796fB37
230,0xe7bD8A7C642E807b820C483f87B28f11a796fB37
231,0x7D6b816A8B5d62806DF9e8Ff5E450dCC00F0a066
232,0xe7bD8A7C642E807b820C483f87B28f11a796fB37
233,0xe7bD8A7C642E807b820C483f87B28f11a796fB37
234,0xe7bD8A7C642E807b820C483f87B28f11a796fB37
235,0xe7bD8A7C642E807b820C483f87B28f11a796fB37
236,0xe7bD8A7C642E807b820C483f87B28f11a796fB37
237,0xe7bD8A7C642E807b820C483f87B28f11a796fB37
238,0xe7bD8A7C642E807b820C483f87B28f11a796fB37
239,0xe7bD8A7C642E807b820C483f87B28f11a796fB37
240,0xe7bD8A7C642E807b820C483f87B28f11a796fB37
241,0xe7bD8A7C642E807b820C483f87B28f11a796fB37
242,0xe7bD8A7C642E807b820C483f87B28f11a796fB37
243,0x6Df2357A4279160d3dcD34B60bD738c48bDfeE30
244,0xe7bD8A7C642E807b820C483f87B28f11a796fB37
245,0xe7bD8A7C642E807b820C483f87B28f11a796fB37
246,0xe7bD8A7C642E807b820C483f87B28f11a796fB37
247,0xe7bD8A7C642E807b820C483f87B28f11a796fB37
248,0xe7bD8A7C642E807b820C483f87B28f11a796fB37
249,0xe7bD8A7C642E807b820C483f87B28f11a796fB37
250,0xe7bD8A7C642E807b820C483f87B28f11a796fB37
251,0xe7bD8A7C642E807b820C483f87B28f11a796fB37
252,0xe7bD8A7C642E807b820C483f87B28f11a796fB37
253,0xe7bD8A7C642E807b820C483f87B28f11a796fB37
254,0xe7bD8A7C642E807b820C483f87B28f11a796fB37
255,0xe7bD8A7C642E807b820C483f87B28f11a796fB37
256,0xe7bD8A7C642E807b820C483f87B28f11a796fB37
257,0xe7bD8A7C642E807b820C483f87B28f11a796fB37
258,0xe7bD8A7C642E807b820C483f87B28f11a796fB37
259,0xe7bD8A7C642E807b820C483f87B28f11a796fB37
260,0xe7bD8A7C642E807b820C483f87B28f11a796fB37
261,0xe7bD8A7C642E807b820C483f87B28f11a796fB37
262,0xe7bD8A7C642E807b820C483f87B28f11a796fB37
263,0xe7bD8A7C642E807b820C483f87B28f11a796fB37
264,0xe7bD8A7C642E807b820C483f87B28f11a796fB37
265,0xe7bD8A7C642E807b820C483f87B28f11a796fB37
266,0xe7bD8A7C642E807b820C483f87B28f11a796fB37
267,0xe7bD8A7C642E807b820C483f87B28f11a796fB37
268,0xe7bD8A7C642E807b820C483f87B28f11a796fB37
269,0xe7bD8A7C642E807b820C483f87B28f11a796fB37
270,0xe7bD8A7C642E807b820C483f87B28f11a796fB37
271,0xe7bD8A7C642E807b820C483f87B28f11a796fB37
272,0xe7bD8A7C642E807b820C483f87B28f11a796fB37
273,0xe7bD8A7C642E807b820C483f87B28f11a796fB37
274,0xe7bD8A7C642E807b820C483f87B28f11a796fB37
275,0xe7bD8A7C642E807b820C483f87B28f11a796fB37
276,0xe7bD8A7C642E807b820C483f87B28f11a796fB37
277,0xe7bD8A7C642E807b820C483f87B28f11a796fB37
278,0xe7bD8A7C642E807b820C483f87B28f11a796fB37
279,0xe7bD8A7C642E807b820C483f87B28f11a796fB37
280,0xe7bD8A7C642E807b820C483f87B28f11a796fB37
281,0xe7bD8A7C642E807b820C483f87B28f11a796fB37
282,0x02A5CBBB6Ca999812968F4F035c7Ecc59c830128
283,0xe7bD8A7C642E807b820C483f87B28f11a796fB37
284,0xe7bD8A7C642E807b820C483f87B28f11a796fB37
285,0xe7bD8A7C642E807b820C483f87B28f11a796fB37
286,0xe7bD8A7C642E807b820C483f87B28f11a796fB37
287,0xe7bD8A7C642E807b820C483f87B28f11a796fB37
288,0xe7bD8A7C642E807b820C483f87B28f11a796fB37
289,0xe7bD8A7C642E807b820C483f87B28f11a796fB37
290,0xe7bD8A7C642E807b820C483f87B28f11a796fB37
291,0x0C4f393E6Ba87B9eF7C2aAC02E1652e420C8DB81
292,0xe7bD8A7C642E807b820C483f87B28f11a796fB37
293,0xe7bD8A7C642E807b820C483f87B28f11a796fB37
294,0xe7bD8A7C642E807b820C483f87B28f11a796fB37
295,0xe7bD8A7C642E807b820C483f87B28f11a796fB37
296,0xe7bD8A7C642E807b820C483f87B28f11a796fB37
297,0xe7bD8A7C642E807b820C483f87B28f11a796fB37
298,0xe7bD8A7C642E807b820C483f87B28f11a796fB37
299,0xe7bD8A7C642E807b820C483f87B28f11a796fB37
300,0xe7bD8A7C642E807b820C483f87B28f11a796fB37
301,0xe7bD8A7C642E807b820C483f87B28f11a796fB37
302,0xe7bD8A7C642E807b820C483f87B28f11a796fB37
303,0xe7bD8A7C642E807b820C483f87B28f11a796fB37
304,0x2598b55772F0685156Ff74c44980B8c28344b75b
305,0xe7bD8A7C642E807b820C483f87B28f11a796fB37
306,0xe7bD8A7C642E807b820C483f87B28f11a796fB37
307,0xe7bD8A7C642E807b820C483f87B28f11a796fB37
308,0xe7bD8A7C642E807b820C483f87B28f11a796fB37
309,0xe7bD8A7C642E807b820C483f87B28f11a796fB37
310,0xe7bD8A7C642E807b820C483f87B28f11a796fB37
311,0xe7bD8A7C642E807b820C483f87B28f11a796fB37
312,0xe7bD8A7C642E807b820C483f87B28f11a796fB37
313,0xe7bD8A7C642E807b820C483f87B28f11a796fB37
314,0xe7bD8A7C642E807b820C483f87B28f11a796fB37
315,0xe7bD8A7C642E807b820C483f87B28f11a796fB37
316,0xe7bD8A7C642E807b820C483f87B28f11a796fB37
317,0xe7bD8A7C642E807b820C483f87B28f11a796fB37
318,0xe7bD8A7C642E807b820C483f87B28f11a796fB37
319,0xe7bD8A7C642E807b820C483f87B28f11a796fB37
320,0x65AD82A479Bc322248bF110BEE4BA94C6F9C2dd9
321,0xe7bD8A7C642E807b820C483f87B28f11a796fB37
322,0xe7bD8A7C642E807b820C483f87B28f11a796fB37
323,0xe7bD8A7C642E807b820C483f87B28f11a796fB37
324,0xe7bD8A7C642E807b820C483f87B28f11a796fB37
325,0xe7bD8A7C642E807b820C483f87B28f11a796fB37
326,0xe7bD8A7C642E807b820C483f87B28f11a796fB37
327,0xe7bD8A7C642E807b820C483f87B28f11a796fB37
328,0xe7bD8A7C642E807b820C483f87B28f11a796fB37
329,0xe7bD8A7C642E807b820C483f87B28f11a796fB37
330,0xe7bD8A7C642E807b820C483f87B28f11a796fB37
331,0xe7bD8A7C642E807b820C483f87B28f11a796fB37
332,0xA9Cd1F4F98A1Ae23D5DC76958d3d0ef499DF5C1F
333,0xe7bD8A7C642E807b820C483f87B28f11a796fB37
334,0xe7bD8A7C642E807b820C483f87B28f11a796fB37
335,0xe7bD8A7C642E807b820C483f87B28f11a796fB37
336,0xe7bD8A7C642E807b820C483f87B28f11a796fB37
337,0xe7bD8A7C642E807b820C483f87B28f11a796fB37
338,0xe7bD8A7C642E807b820C483f87B28f11a796fB37
339,0xe7bD8A7C642E807b820C483f87B28f11a796fB37
340,0xe7bD8A7C642E807b820C483f87B28f11a796fB37
341,0xe7bD8A7C642E807b820C483f87B28f11a796fB37
342,0xe7bD8A7C642E807b820C483f87B28f11a796fB37
343,0xe7bD8A7C642E807b820C483f87B28f11a796fB37
344,0xe7bD8A7C642E807b820C483f87B28f11a796fB37
345,0xe7bD8A7C642E807b820C483f87B28f11a796fB37
346,0xe7bD8A7C642E807b820C483f87B28f11a796fB37
347,0xe7bD8A7C642E807b820C483f87B28f11a796fB37
348,0xe7bD8A7C642E807b820C483f87B28f11a796fB37
349,0xe7bD8A7C642E807b820C483f87B28f11a796fB37
350,0xe7bD8A7C642E807b820C483f87B28f11a796fB37
351,0xe7bD8A7C642E807b820C483f87B28f11a796fB37
352,0xe7bD8A7C642E807b820C483f87B28f11a796fB37
353,0xe7bD8A7C642E807b820C483f87B28f11a796fB37
354,0xe7bD8A7C642E807b820C483f87B28f11a796fB37
355,0xe7bD8A7C642E807b820C483f87B28f11a796fB37
356,0xe7bD8A7C642E807b820C483f87B28f11a796fB37
357,0xe7bD8A7C642E807b820C483f87B28f11a796fB37
358,0xe7bD8A7C642E807b820C483f87B28f11a796fB37
359,0xe7bD8A7C642E807b820C483f87B28f11a796fB37
360,0xe7bD8A7C642E807b820C483f87B28f11a796fB37
361,0xD48FaE12b4Bd481C29130C236f0b345e77D1ac5f
362,0xe7bD8A7C642E807b820C483f87B28f11a796fB37
363,0xe7bD8A7C642E807b820C483f87B28f11a796fB37
364,0xe7bD8A7C642E807b820C483f87B28f11a796fB37
365,0xe7bD8A7C642E807b820C483f87B28f11a796fB37
366,0xe7bD8A7C642E807b820C483f87B28f11a796fB37
367,0xe7bD8A7C642E807b820C483f87B28f11a796fB37
368,0xe7bD8A7C642E807b820C483f87B28f11a796fB37
369,0xe7bD8A7C642E807b820C483f87B28f11a796fB37
370,0xe7bD8A7C642E807b820C483f87B28f11a796fB37
371,0xe7bD8A7C642E807b820C483f87B28f11a796fB37
372,0xe7bD8A7C642E807b820C483f87B28f11a796fB37
373,0xe7bD8A7C642E807b820C483f87B28f11a796fB37
374,0xe7bD8A7C642E807b820C483f87B28f11a796fB37
375,0xe7bD8A7C642E807b820C483f87B28f11a796fB37
376,0xe7bD8A7C642E807b820C483f87B28f11a796fB37
377,0x993Efe7Ef619728Aa7A1Cc565748CEC2FE3D639F
378,0xe7bD8A7C642E807b820C483f87B28f11a796fB37
379,0xe7bD8A7C642E807b820C483f87B28f11a796fB37
380,0xe7bD8A7C642E807b820C483f87B28f11a796fB37
381,0xe7bD8A7C642E807b820C483f87B28f11a796fB37
382,0xe7bD8A7C642E807b820C483f87B28f11a796fB37
383,0xe7bD8A7C642E807b820C483f87B28f11a796fB37
384,0xe7bD8A7C642E807b820C483f87B28f11a796fB37
385,0xe7bD8A7C642E807b820C483f87B28f11a796fB37
386,0xe7bD8A7C642E807b820C483f87B28f11a796fB37
387,0xe7bD8A7C642E807b820C483f87B28f11a796fB37
388,0xe7bD8A7C642E807b820C483f87B28f11a796fB37
389,0xe7bD8A7C642E807b820C483f87B28f11a796fB37
390,0xe7bD8A7C642E807b820C483f87B28f11a796fB37
391,0xe7bD8A7C642E807b820C483f87B28f11a796fB37
392,0xe7bD8A7C642E807b820C483f87B28f11a796fB37
393,0xe7bD8A7C642E807b820C483f87B28f11a796fB37
394,0xe7bD8A7C642E807b820C483f87B28f11a796fB37
395,0xe7bD8A7C642E807b820C483f87B28f11a796fB37
396,0xe7bD8A7C642E807b820C483f87B28f11a796fB37
397,0xe7bD8A7C642E807b820C483f87B28f11a796fB37
398,0xe7bD8A7C642E807b820C483f87B28f11a796fB37
399,0xe7bD8A7C642E807b820C483f87B28f11a796fB37
400,0xe7bD8A7C642E807b820C483f87B28f11a796fB37
401,0xe7bD8A7C642E807b820C483f87B28f11a796fB37
402,0xe7bD8A7C642E807b820C483f87B28f11a796fB37
403,0xe7bD8A7C642E807b820C483f87B28f11a796fB37
404,0xe7bD8A7C642E807b820C483f87B28f11a796fB37
405,0xe7bD8A7C642E807b820C483f87B28f11a796fB37
406,0xe7bD8A7C642E807b820C483f87B28f11a796fB37
407,0xe7bD8A7C642E807b820C483f87B28f11a796fB37
408,0xe7bD8A7C642E807b820C483f87B28f11a796fB37
409,0xe7bD8A7C642E807b820C483f87B28f11a796fB37
410,0xe7bD8A7C642E807b820C483f87B28f11a796fB37
411,0xe7bD8A7C642E807b820C483f87B28f11a796fB37
412,0xe7bD8A7C642E807b820C483f87B28f11a796fB37
413,0xe7bD8A7C642E807b820C483f87B28f11a796fB37
414,0xe7bD8A7C642E807b820C483f87B28f11a796fB37
415,0xe7bD8A7C642E807b820C483f87B28f11a796fB37
416,0xe7bD8A7C642E807b820C483f87B28f11a796fB37
417,0xe7bD8A7C642E807b820C483f87B28f11a796fB37
418,0xe7bD8A7C642E807b820C483f87B28f11a796fB37
419,0xe7bD8A7C642E807b820C483f87B28f11a796fB37
420,0xe7bD8A7C642E807b820C483f87B28f11a796fB37
421,0xe7bD8A7C642E807b820C483f87B28f11a796fB37
422,0xe7bD8A7C642E807b820C483f87B28f11a796fB37
423,0xe7bD8A7C642E807b820C483f87B28f11a796fB37
424,0xe7bD8A7C642E807b820C483f87B28f11a796fB37
425,0xe7bD8A7C642E807b820C483f87B28f11a796fB37
426,0xe7bD8A7C642E807b820C483f87B28f11a796fB37
427,0xe7bD8A7C642E807b820C483f87B28f11a796fB37
428,0xe7bD8A7C642E807b820C483f87B28f11a796fB37
429,0xe7bD8A7C642E807b820C483f87B28f11a796fB37
430,0xC4126b9Af0F662DC9D868cAd903A74d8d116E9AD
431,0xe7bD8A7C642E807b820C483f87B28f11a796fB37
432,0xe7bD8A7C642E807b820C483f87B28f11a796fB37
433,0xe7bD8A7C642E807b820C483f87B28f11a796fB37
434,0xe7bD8A7C642E807b820C483f87B28f11a796fB37
435,0xe7bD8A7C642E807b820C483f87B28f11a796fB37
436,0xe7bD8A7C642E807b820C483f87B28f11a796fB37
437,0xe7bD8A7C642E807b820C483f87B28f11a796fB37
438,0xe7bD8A7C642E807b820C483f87B28f11a796fB37
439,0xe7bD8A7C642E807b820C483f87B28f11a796fB37
440,0xe7bD8A7C642E807b820C483f87B28f11a796fB37
441,0xe7bD8A7C642E807b820C483f87B28f11a796fB37
442,0xe7bD8A7C642E807b820C483f87B28f11a796fB37
443,0xe7bD8A7C642E807b820C483f87B28f11a796fB37
444,0xe7bD8A7C642E807b820C483f87B28f11a796fB37
445,0xe7bD8A7C642E807b820C483f87B28f11a796fB37
446,0xf1b867BbC9a36320866d51cd020cD356d2cFB767
447,0xe7bD8A7C642E807b820C483f87B28f11a796fB37
448,0xe7bD8A7C642E807b820C483f87B28f11a796fB37
449,0xe7bD8A7C642E807b820C483f87B28f11a796fB37
450,0xe7bD8A7C642E807b820C483f87B28f11a796fB37
451,0xe7bD8A7C642E807b820C483f87B28f11a796fB37
452,0xe7bD8A7C642E807b820C483f87B28f11a796fB37
453,0xe7bD8A7C642E807b820C483f87B28f11a796fB37
454,0xe7bD8A7C642E807b820C483f87B28f11a796fB37
455,0xe7bD8A7C642E807b820C483f87B28f11a796fB37
456,0xe7bD8A7C642E807b820C483f87B28f11a796fB37
457,0xe7bD8A7C642E807b820C483f87B28f11a796fB37
458,0xe7bD8A7C642E807b820C483f87B28f11a796fB37
459,0xe7bD8A7C642E807b820C483f87B28f11a796fB37
460,0xe7bD8A7C642E807b820C483f87B28f11a796fB37
461,0xe7bD8A7C642E807b820C483f87B28f11a796fB37
462,0xe7bD8A7C642E807b820C483f87B28f11a796fB37
463,0xe7bD8A7C642E807b820C483f87B28f11a796fB37
464,0xe7bD8A7C642E807b820C483f87B28f11a796fB37
465,0xe7bD8A7C642E807b820C483f87B28f11a796fB37
466,0xe7bD8A7C642E807b820C483f87B28f11a796fB37
467,0xe7bD8A7C642E807b820C483f87B28f11a796fB37
468,0xe7bD8A7C642E807b820C483f87B28f11a796fB37
469,0xe7bD8A7C642E807b820C483f87B28f11a796fB37
470,0xe7bD8A7C642E807b820C483f87B28f11a796fB37
471,0xe7bD8A7C642E807b820C483f87B28f11a796fB37
472,0xe7bD8A7C642E807b820C483f87B28f11a796fB37
473,0xe7bD8A7C642E807b820C483f87B28f11a796fB37
474,0xe7bD8A7C642E807b820C483f87B28f11a796fB37
475,0xe7bD8A7C642E807b820C483f87B28f11a796fB37
476,0xe7bD8A7C642E807b820C483f87B28f11a796fB37
477,0xe7bD8A7C642E807b820C483f87B28f11a796fB37
478,0xe7bD8A7C642E807b820C483f87B28f11a796fB37
479,0xe7bD8A7C642E807b820C483f87B28f11a796fB37
480,0xe7bD8A7C642E807b820C483f87B28f11a796fB37
481,0xe7bD8A7C642E807b820C483f87B28f11a796fB37
482,0xe7bD8A7C642E807b820C483f87B28f11a796fB37
483,0xe7bD8A7C642E807b820C483f87B28f11a796fB37
484,0xe7bD8A7C642E807b820C483f87B28f11a796fB37
485,0xe7bD8A7C642E807b820C483f87B28f11a796fB37
486,0xe7bD8A7C642E807b820C483f87B28f11a796fB37
487,0xe7bD8A7C642E807b820C483f87B28f11a796fB37
488,0xe7bD8A7C642E807b820C483f87B28f11a796fB37
489,0xe7bD8A7C642E807b820C483f87B28f11a796fB37
490,0xe7bD8A7C642E807b820C483f87B28f11a796fB37
491,0xe7bD8A7C642E807b820C483f87B28f11a796fB37
492,0xe7bD8A7C642E807b820C483f87B28f11a796fB37
493,0xe7bD8A7C642E807b820C483f87B28f11a796fB37
494,0xe7bD8A7C642E807b820C483f87B28f11a796fB37
495,0xe7bD8A7C642E807b820C483f87B28f11a796fB37
496,0xe7bD8A7C642E807b820C483f87B28f11a796fB37
497,0xe7bD8A7C642E807b820C483f87B28f11a796fB37
498,0xe7bD8A7C642E807b820C483f87B28f11a796fB37
499,0xe7bD8A7C642E807b820C483f87B28f11a796fB37
500,0xe7bD8A7C642E807b820C483f87B28f11a796fB37
501,0xe7bD8A7C642E807b820C483f87B28f11a796fB37
502,0xe7bD8A7C642E807b820C483f87B28f11a796fB37
503,0xe7bD8A7C642E807b820C483f87B28f11a796fB37
504,0xe7bD8A7C642E807b820C483f87B28f11a796fB37
505,0xe7bD8A7C642E807b820C483f87B28f11a796fB37
506,0xe7bD8A7C642E807b820C483f87B28f11a796fB37
507,0xe7bD8A7C642E807b820C483f87B28f11a796fB37
508,0xe7bD8A7C642E807b820C483f87B28f11a796fB37
509,0xe7bD8A7C642E807b820C483f87B28f11a796fB37
510,0xe7bD8A7C642E807b820C483f87B28f11a796fB37
511,0xe7bD8A7C642E807b820C483f87B28f11a796fB37
512,0xe7bD8A7C642E807b820C483f87B28f11a796fB37
513,0xe7bD8A7C642E807b820C483f87B28f11a796fB37
514,0xB9ccfC18B941A2CC51A956aa6C83360eb9d58DE7
515,0xe7bD8A7C642E807b820C483f87B28f11a796fB37
516,0xe7bD8A7C642E807b820C483f87B28f11a796fB37
517,0xe7bD8A7C642E807b820C483f87B28f11a796fB37
518,0xe7bD8A7C642E807b820C483f87B28f11a796fB37
519,0xe7bD8A7C642E807b820C483f87B28f11a796fB37
520,0xBB030A0408EDC41F3C61ba3f132C06e93EdA68f4
521,0xe7bD8A7C642E807b820C483f87B28f11a796fB37
522,0xe7bD8A7C642E807b820C483f87B28f11a796fB37
523,0xe7bD8A7C642E807b820C483f87B28f11a796fB37
524,0xe7bD8A7C642E807b820C483f87B28f11a796fB37
525,0xe7bD8A7C642E807b820C483f87B28f11a796fB37
526,0xe7bD8A7C642E807b820C483f87B28f11a796fB37
527,0xe7bD8A7C642E807b820C483f87B28f11a796fB37
528,0xe7bD8A7C642E807b820C483f87B28f11a796fB37
529,0xe7bD8A7C642E807b820C483f87B28f11a796fB37
530,0xe7bD8A7C642E807b820C483f87B28f11a796fB37
531,0xe7bD8A7C642E807b820C483f87B28f11a796fB37
532,0xe7bD8A7C642E807b820C483f87B28f11a796fB37
533,0xe7bD8A7C642E807b820C483f87B28f11a796fB37
534,0xe7bD8A7C642E807b820C483f87B28f11a796fB37
535,0xe7bD8A7C642E807b820C483f87B28f11a796fB37
536,0xe7bD8A7C642E807b820C483f87B28f11a796fB37
537,0xe7bD8A7C642E807b820C483f87B28f11a796fB37
538,0xe7bD8A7C642E807b820C483f87B28f11a796fB37
539,0xe7bD8A7C642E807b820C483f87B28f11a796fB37
540,0xe7bD8A7C642E807b820C483f87B28f11a796fB37
541,0xe7bD8A7C642E807b820C483f87B28f11a796fB37
542,0xe7bD8A7C642E807b820C483f87B28f11a796fB37
543,0xe7bD8A7C642E807b820C483f87B28f11a796fB37
544,0xe7bD8A7C642E807b820C483f87B28f11a796fB37
545,0xe7bD8A7C642E807b820C483f87B28f11a796fB37
546,0xe7bD8A7C642E807b820C483f87B28f11a796fB37
547,0xe7bD8A7C642E807b820C483f87B28f11a796fB37
548,0xe7bD8A7C642E807b820C483f87B28f11a796fB37
549,0xe7bD8A7C642E807b820C483f87B28f11a796fB37
550,0xe7bD8A7C642E807b820C483f87B28f11a796fB37
551,0xe7bD8A7C642E807b820C483f87B28f11a796fB37
552,0xe7bD8A7C642E807b820C483f87B28f11a796fB37
553,0xe7bD8A7C642E807b820C483f87B28f11a796fB37
554,0xe7bD8A7C642E807b820C483f87B28f11a796fB37
555,0xe7bD8A7C642E807b820C483f87B28f11a796fB37
556,0xe7bD8A7C642E807b820C483f87B28f11a796fB37
557,0xe7bD8A7C642E807b820C483f87B28f11a796fB37
558,0xe7bD8A7C642E807b820C483f87B28f11a796fB37
559,0xe7bD8A7C642E807b820C483f87B28f11a796fB37
560,0xe7bD8A7C642E807b820C483f87B28f11a796fB37
561,0xe7bD8A7C642E807b820C483f87B28f11a796fB37
562,0xe7bD8A7C642E807b820C483f87B28f11a796fB37
563,0x0ac125137553A2938c61E6591098443db12F6FE8
564,0x0ac125137553A2938c61E6591098443db12F6FE8
565,0x0ac125137553A2938c61E6591098443db12F6FE8
566,0xe7bD8A7C642E807b820C483f87B28f11a796fB37
567,0xe7bD8A7C642E807b820C483f87B28f11a796fB37
568,0xe7bD8A7C642E807b820C483f87B28f11a796fB37
569,0xe7bD8A7C642E807b820C483f87B28f11a796fB37
570,0xe7bD8A7C642E807b820C483f87B28f11a796fB37
571,0xe7bD8A7C642E807b820C483f87B28f11a796fB37
572,0xe7bD8A7C642E807b820C483f87B28f11a796fB37
573,0xe7bD8A7C642E807b820C483f87B28f11a796fB37
574,0xe7bD8A7C642E807b820C483f87B28f11a796fB37
575,0xe7bD8A7C642E807b820C483f87B28f11a796fB37
576,0xe7bD8A7C642E807b820C483f87B28f11a796fB37
577,0xe7bD8A7C642E807b820C483f87B28f11a796fB37
578,0xe7bD8A7C642E807b820C483f87B28f11a796fB37
579,0xe7bD8A7C642E807b820C483f87B28f11a796fB37
580,0xe7bD8A7C642E807b820C483f87B28f11a796fB37
581,0xe7bD8A7C642E807b820C483f87B28f11a796fB37
582,0xe7bD8A7C642E807b820C483f87B28f11a796fB37
583,0xe7bD8A7C642E807b820C483f87B28f11a796fB37
584,0xe7bD8A7C642E807b820C483f87B28f11a796fB37
585,0xe7bD8A7C642E807b820C483f87B28f11a796fB37
586,0xe7bD8A7C642E807b820C483f87B28f11a796fB37
587,0xe7bD8A7C642E807b820C483f87B28f11a796fB37
588,0xe7bD8A7C642E807b820C483f87B28f11a796fB37
589,0xe7bD8A7C642E807b820C483f87B28f11a796fB37
590,0xe7bD8A7C642E807b820C483f87B28f11a796fB37
591,0xe7bD8A7C642E807b820C483f87B28f11a796fB37
592,0xe7bD8A7C642E807b820C483f87B28f11a796fB37
593,0xe7bD8A7C642E807b820C483f87B28f11a796fB37
594,0xe7bD8A7C642E807b820C483f87B28f11a796fB37
595,0xe7bD8A7C642E807b820C483f87B28f11a796fB37
596,0x519fC03bDF8e496De267F1fD5c50d29d14413973
597,0xe7bD8A7C642E807b820C483f87B28f11a796fB37
598,0xe7bD8A7C642E807b820C483f87B28f11a796fB37
599,0xe7bD8A7C642E807b820C483f87B28f11a796fB37
600,0xe7bD8A7C642E807b820C483f87B28f11a796fB37
601,0xe7bD8A7C642E807b820C483f87B28f11a796fB37
602,0xe7bD8A7C642E807b820C483f87B28f11a796fB37
603,0xe7bD8A7C642E807b820C483f87B28f11a796fB37
604,0xe7bD8A7C642E807b820C483f87B28f11a796fB37
605,0xe7bD8A7C642E807b820C483f87B28f11a796fB37
606,0xe7bD8A7C642E807b820C483f87B28f11a796fB37
607,0xe7bD8A7C642E807b820C483f87B28f11a796fB37
608,0xe7bD8A7C642E807b820C483f87B28f11a796fB37
609,0xe7bD8A7C642E807b820C483f87B28f11a796fB37
610,0xe7bD8A7C642E807b820C483f87B28f11a796fB37
611,0xe7bD8A7C642E807b820C483f87B28f11a796fB37
612,0xe7bD8A7C642E807b820C483f87B28f11a796fB37
613,0xe7bD8A7C642E807b820C483f87B28f11a796fB37
614,0xe7bD8A7C642E807b820C483f87B28f11a796fB37
615,0xe7bD8A7C642E807b820C483f87B28f11a796fB37
616,0xe7bD8A7C642E807b820C483f87B28f11a796fB37
617,0xe7bD8A7C642E807b820C483f87B28f11a796fB37
618,0xe7bD8A7C642E807b820C483f87B28f11a796fB37
619,0xe7bD8A7C642E807b820C483f87B28f11a796fB37
620,0xe7bD8A7C642E807b820C483f87B28f11a796fB37
621,0xe7bD8A7C642E807b820C483f87B28f11a796fB37
622,0xe7bD8A7C642E807b820C483f87B28f11a796fB37
623,0xe7bD8A7C642E807b820C483f87B28f11a796fB37
624,0xe7bD8A7C642E807b820C483f87B28f11a796fB37
625,0xe7bD8A7C642E807b820C483f87B28f11a796fB37
626,0xe7bD8A7C642E807b820C483f87B28f11a796fB37
627,0xe7bD8A7C642E807b820C483f87B28f11a796fB37
628,0xe7bD8A7C642E807b820C483f87B28f11a796fB37
629,0xe7bD8A7C642E807b820C483f87B28f11a796fB37
630,0xe7bD8A7C642E807b820C483f87B28f11a796fB37
631,0xe7bD8A7C642E807b820C483f87B28f11a796fB37
632,0xe7bD8A7C642E807b820C483f87B28f11a796fB37
633,0xe7bD8A7C642E807b820C483f87B28f11a796fB37
634,0xe7bD8A7C642E807b820C483f87B28f11a796fB37
635,0xe7bD8A7C642E807b820C483f87B28f11a796fB37
636,0xe7bD8A7C642E807b820C483f87B28f11a796fB37
637,0xe7bD8A7C642E807b820C483f87B28f11a796fB37
638,0xe7bD8A7C642E807b820C483f87B28f11a796fB37
639,0xe7bD8A7C642E807b820C483f87B28f11a796fB37
640,0xe7bD8A7C642E807b820C483f87B28f11a796fB37
641,0xe7bD8A7C642E807b820C483f87B28f11a796fB37
642,0xe7bD8A7C642E807b820C483f87B28f11a796fB37
643,0xe7bD8A7C642E807b820C483f87B28f11a796fB37
644,0xe7bD8A7C642E807b820C483f87B28f11a796fB37
645,0xe7bD8A7C642E807b820C483f87B28f11a796fB37
646,0xe7bD8A7C642E807b820C483f87B28f11a796fB37
647,0xe7bD8A7C642E807b820C483f87B28f11a796fB37
648,0xe7bD8A7C642E807b820C483f87B28f11a796fB37
649,0xCe90a7949bb78892F159F428D0dC23a8E3584d75
650,0xe7bD8A7C642E807b820C483f87B28f11a796fB37
651,0xe7bD8A7C642E807b820C483f87B28f11a796fB37
652,0xe7bD8A7C642E807b820C483f87B28f11a796fB37
653,0xe7bD8A7C642E807b820C483f87B28f11a796fB37
654,0xe7bD8A7C642E807b820C483f87B28f11a796fB37
655,0xe7bD8A7C642E807b820C483f87B28f11a796fB37
656,0xe7bD8A7C642E807b820C483f87B28f11a796fB37
657,0xe7bD8A7C642E807b820C483f87B28f11a796fB37
658,0xe7bD8A7C642E807b820C483f87B28f11a796fB37
659,0xe7bD8A7C642E807b820C483f87B28f11a796fB37
660,0xe7bD8A7C642E807b820C483f87B28f11a796fB37
661,0xe7bD8A7C642E807b820C483f87B28f11a796fB37
662,0xe7bD8A7C642E807b820C483f87B28f11a796fB37
663,0xe7bD8A7C642E807b820C483f87B28f11a796fB37
664,0xe7bD8A7C642E807b820C483f87B28f11a796fB37
665,0xe7bD8A7C642E807b820C483f87B28f11a796fB37
666,0xe7bD8A7C642E807b820C483f87B28f11a796fB37
667,0xe7bD8A7C642E807b820C483f87B28f11a796fB37
668,0xe7bD8A7C642E807b820C483f87B28f11a796fB37
669,0xe7bD8A7C642E807b820C483f87B28f11a796fB37
670,0xe7bD8A7C642E807b820C483f87B28f11a796fB37
671,0xe7bD8A7C642E807b820C483f87B28f11a796fB37
672,0xe7bD8A7C642E807b820C483f87B28f11a796fB37
673,0xe7bD8A7C642E807b820C483f87B28f11a796fB37
674,0xe7bD8A7C642E807b820C483f87B28f11a796fB37
675,0xe7bD8A7C642E807b820C483f87B28f11a796fB37
676,0xe7bD8A7C642E807b820C483f87B28f11a796fB37
677,0x16Dd33971BC1234e6069411A70A4382c1F4B6E80
678,0xe7bD8A7C642E807b820C483f87B28f11a796fB37
679,0xe7bD8A7C642E807b820C483f87B28f11a796fB37
680,0xe7bD8A7C642E807b820C483f87B28f11a796fB37
681,0x4B622a260C6510F66969355150b1aFf418d252A0
682,0xe7bD8A7C642E807b820C483f87B28f11a796fB37
683,0xe7bD8A7C642E807b820C483f87B28f11a796fB37
684,0xe7bD8A7C642E807b820C483f87B28f11a796fB37
685,0xe7bD8A7C642E807b820C483f87B28f11a796fB37
686,0xe7bD8A7C642E807b820C483f87B28f11a796fB37
687,0xe7bD8A7C642E807b820C483f87B28f11a796fB37
688,0xe7bD8A7C642E807b820C483f87B28f11a796fB37
689,0xe7bD8A7C642E807b820C483f87B28f11a796fB37
690,0xe7bD8A7C642E807b820C483f87B28f11a796fB37
691,0xe7bD8A7C642E807b820C483f87B28f11a796fB37
692,0xe7bD8A7C642E807b820C483f87B28f11a796fB37
693,0xe7bD8A7C642E807b820C483f87B28f11a796fB37
694,0xe7bD8A7C642E807b820C483f87B28f11a796fB37
695,0xe7bD8A7C642E807b820C483f87B28f11a796fB37
696,0xe7bD8A7C642E807b820C483f87B28f11a796fB37
697,0xe7bD8A7C642E807b820C483f87B28f11a796fB37
698,0xe7bD8A7C642E807b820C483f87B28f11a796fB37
699,0xe7bD8A7C642E807b820C483f87B28f11a796fB37
700,0xe7bD8A7C642E807b820C483f87B28f11a796fB37
701,0xe7bD8A7C642E807b820C483f87B28f11a796fB37
702,0xe7bD8A7C642E807b820C483f87B28f11a796fB37
703,0xe7bD8A7C642E807b820C483f87B28f11a796fB37
704,0xe7bD8A7C642E807b820C483f87B28f11a796fB37
705,0xe7bD8A7C642E807b820C483f87B28f11a796fB37
706,0xe7bD8A7C642E807b820C483f87B28f11a796fB37
707,0xe7bD8A7C642E807b820C483f87B28f11a796fB37
708,0xe7bD8A7C642E807b820C483f87B28f11a796fB37
709,0xe7bD8A7C642E807b820C483f87B28f11a796fB37
710,0xe7bD8A7C642E807b820C483f87B28f11a796fB37
711,0xe7bD8A7C642E807b820C483f87B28f11a796fB37
712,0xe7bD8A7C642E807b820C483f87B28f11a796fB37
713,0xe7bD8A7C642E807b820C483f87B28f11a796fB37
714,0xe7bD8A7C642E807b820C483f87B28f11a796fB37
715,0xe7bD8A7C642E807b820C483f87B28f11a796fB37
716,0xe7bD8A7C642E807b820C483f87B28f11a796fB37
717,0xe7bD8A7C642E807b820C483f87B28f11a796fB37
718,0xe7bD8A7C642E807b820C483f87B28f11a796fB37
719,0xe7bD8A7C642E807b820C483f87B28f11a796fB37
720,0xe7bD8A7C642E807b820C483f87B28f11a796fB37
721,0xe7bD8A7C642E807b820C483f87B28f11a796fB37
722,0xe7bD8A7C642E807b820C483f87B28f11a796fB37
723,0xe7bD8A7C642E807b820C483f87B28f11a796fB37
724,0xe7bD8A7C642E807b820C483f87B28f11a796fB37
725,0xe7bD8A7C642E807b820C483f87B28f11a796fB37
726,0x7Eff82e302792e91F8dA17653Ba7d7AeEb59C9d6
727,0xe7bD8A7C642E807b820C483f87B28f11a796fB37
728,0xe7bD8A7C642E807b820C483f87B28f11a796fB37
729,0xe7bD8A7C642E807b820C483f87B28f11a796fB37
730,0xe7bD8A7C642E807b820C483f87B28f11a796fB37
731,0xe7bD8A7C642E807b820C483f87B28f11a796fB37
732,0xe7bD8A7C642E807b820C483f87B28f11a796fB37
733,0xe7bD8A7C642E807b820C483f87B28f11a796fB37
734,0xe7bD8A7C642E807b820C483f87B28f11a796fB37
735,0xe7bD8A7C642E807b820C483f87B28f11a796fB37
736,0xe7bD8A7C642E807b820C483f87B28f11a796fB37
737,0xe7bD8A7C642E807b820C483f87B28f11a796fB37
738,0xe7bD8A7C642E807b820C483f87B28f11a796fB37
739,0xe7bD8A7C642E807b820C483f87B28f11a796fB37
740,0xca4A31c7ebcb126C60Fab495a4D7b545422f3AAF
741,0xe7bD8A7C642E807b820C483f87B28f11a796fB37
742,0xe7bD8A7C642E807b820C483f87B28f11a796fB37
743,0xe7bD8A7C642E807b820C483f87B28f11a796fB37
744,0xe7bD8A7C642E807b820C483f87B28f11a796fB37
745,0xe7bD8A7C642E807b820C483f87B28f11a796fB37
746,0xe7bD8A7C642E807b820C483f87B28f11a796fB37
747,0xe7bD8A7C642E807b820C483f87B28f11a796fB37
748,0xe7bD8A7C642E807b820C483f87B28f11a796fB37
749,0xe7bD8A7C642E807b820C483f87B28f11a796fB37
750,0xe7bD8A7C642E807b820C483f87B28f11a796fB37
751,0xe7bD8A7C642E807b820C483f87B28f11a796fB37
752,0xe7bD8A7C642E807b820C483f87B28f11a796fB37
753,0xe7bD8A7C642E807b820C483f87B28f11a796fB37
754,0xe7bD8A7C642E807b820C483f87B28f11a796fB37
755,0xe7bD8A7C642E807b820C483f87B28f11a796fB37
756,0xe7bD8A7C642E807b820C483f87B28f11a796fB37
757,0xe7bD8A7C642E807b820C483f87B28f11a796fB37
758,0xe7bD8A7C642E807b820C483f87B28f11a796fB37
759,0xe7bD8A7C642E807b820C483f87B28f11a796fB37
760,0xe7bD8A7C642E807b820C483f87B28f11a796fB37
761,0xe7bD8A7C642E807b820C483f87B28f11a796fB37
762,0xe7bD8A7C642E807b820C483f87B28f11a796fB37
763,0xe7bD8A7C642E807b820C483f87B28f11a796fB37
764,0xe7bD8A7C642E807b820C483f87B28f11a796fB37
765,0xe7bD8A7C642E807b820C483f87B28f11a796fB37
766,0xe7bD8A7C642E807b820C483f87B28f11a796fB37
767,0xe7bD8A7C642E807b820C483f87B28f11a796fB37
768,0xe7bD8A7C642E807b820C483f87B28f11a796fB37
769,0xe7bD8A7C642E807b820C483f87B28f11a796fB37
770,0xe7bD8A7C642E807b820C483f87B28f11a796fB37
771,0xe7bD8A7C642E807b820C483f87B28f11a796fB37
772,0xe7bD8A7C642E807b820C483f87B28f11a796fB37
773,0xe7bD8A7C642E807b820C483f87B28f11a796fB37
774,0xe7bD8A7C642E807b820C483f87B28f11a796fB37
775,0xe7bD8A7C642E807b820C483f87B28f11a796fB37
776,0xe7bD8A7C642E807b820C483f87B28f11a796fB37
777,0xe7bD8A7C642E807b820C483f87B28f11a796fB37
778,0xe7bD8A7C642E807b820C483f87B28f11a796fB37
779,0xe7bD8A7C642E807b820C483f87B28f11a796fB37
780,0xe7bD8A7C642E807b820C483f87B28f11a796fB37
781,0xe7bD8A7C642E807b820C483f87B28f11a796fB37
782,0xe7bD8A7C642E807b820C483f87B28f11a796fB37
783,0xe7bD8A7C642E807b820C483f87B28f11a796fB37
784,0xe7bD8A7C642E807b820C483f87B28f11a796fB37
785,0xe7bD8A7C642E807b820C483f87B28f11a796fB37
786,0xe7bD8A7C642E807b820C483f87B28f11a796fB37
787,0xe7bD8A7C642E807b820C483f87B28f11a796fB37
788,0xe7bD8A7C642E807b820C483f87B28f11a796fB37
789,0xe7bD8A7C642E807b820C483f87B28f11a796fB37
790,0xe7bD8A7C642E807b820C483f87B28f11a796fB37
791,0xe7bD8A7C642E807b820C483f87B28f11a796fB37
792,0xe7bD8A7C642E807b820C483f87B28f11a796fB37
793,0xe7bD8A7C642E807b820C483f87B28f11a796fB37
794,0xe7bD8A7C642E807b820C483f87B28f11a796fB37
795,0xe7bD8A7C642E807b820C483f87B28f11a796fB37
796,0xe7bD8A7C642E807b820C483f87B28f11a796fB37
797,0xe7bD8A7C642E807b820C483f87B28f11a796fB37
798,0xe7bD8A7C642E807b820C483f87B28f11a796fB37
799,0xe7bD8A7C642E807b820C483f87B28f11a796fB37
800,0xe7bD8A7C642E807b820C483f87B28f11a796fB37
801,0xe7bD8A7C642E807b820C483f87B28f11a796fB37
802,0xe7bD8A7C642E807b820C483f87B28f11a796fB37
803,0xe7bD8A7C642E807b820C483f87B28f11a796fB37
804,0xe7bD8A7C642E807b820C483f87B28f11a796fB37
805,0xe7bD8A7C642E807b820C483f87B28f11a796fB37
806,0x153eF55ad7d916A25Dc9e5e5CF4f87d5FaEa339d
807,0xe7bD8A7C642E807b820C483f87B28f11a796fB37
808,0xe7bD8A7C642E807b820C483f87B28f11a796fB37
809,0xe7bD8A7C642E807b820C483f87B28f11a796fB37
810,0xe7bD8A7C642E807b820C483f87B28f11a796fB37
811,0xe7bD8A7C642E807b820C483f87B28f11a796fB37
812,0xe7bD8A7C642E807b820C483f87B28f11a796fB37
813,0xe7bD8A7C642E807b820C483f87B28f11a796fB37
814,0xe7bD8A7C642E807b820C483f87B28f11a796fB37
815,0xe7bD8A7C642E807b820C483f87B28f11a796fB37
816,0xe7bD8A7C642E807b820C483f87B28f11a796fB37
817,0xe7bD8A7C642E807b820C483f87B28f11a796fB37
818,0xe7bD8A7C642E807b820C483f87B28f11a796fB37
819,0xe7bD8A7C642E807b820C483f87B28f11a796fB37
820,0xe7bD8A7C642E807b820C483f87B28f11a796fB37
821,0xe7bD8A7C642E807b820C483f87B28f11a796fB37
822,0xe7bD8A7C642E807b820C483f87B28f11a796fB37
823,0xe7bD8A7C642E807b820C483f87B28f11a796fB37
824,0xe7bD8A7C642E807b820C483f87B28f11a796fB37
825,0xe7bD8A7C642E807b820C483f87B28f11a796fB37
826,0xe7bD8A7C642E807b820C483f87B28f11a796fB37
827,0xe7bD8A7C642E807b820C483f87B28f11a796fB37
828,0xe7bD8A7C642E807b820C483f87B28f11a796fB37
829,0xe7bD8A7C642E807b820C483f87B28f11a796fB37
830,0xe7bD8A7C642E807b820C483f87B28f11a796fB37
831,0xe7bD8A7C642E807b820C483f87B28f11a796fB37
832,0xe7bD8A7C642E807b820C483f87B28f11a796fB37
833,0xe7bD8A7C642E807b820C483f87B28f11a796fB37
834,0xe7bD8A7C642E807b820C483f87B28f11a796fB37
835,0xe7bD8A7C642E807b820C483f87B28f11a796fB37
836,0xe7bD8A7C642E807b820C483f87B28f11a796fB37
837,0xe7bD8A7C642E807b820C483f87B28f11a796fB37
838,0xe7bD8A7C642E807b820C483f87B28f11a796fB37
839,0xe7bD8A7C642E807b820C483f87B28f11a796fB37
840,0xe7bD8A7C642E807b820C483f87B28f11a796fB37
841,0xe7bD8A7C642E807b820C483f87B28f11a796fB37
842,0xe7bD8A7C642E807b820C483f87B28f11a796fB37
843,0xe7bD8A7C642E807b820C483f87B28f11a796fB37
844,0xe7bD8A7C642E807b820C483f87B28f11a796fB37
845,0xe7bD8A7C642E807b820C483f87B28f11a796fB37
846,0xe7bD8A7C642E807b820C483f87B28f11a796fB37
847,0xe7bD8A7C642E807b820C483f87B28f11a796fB37
848,0xe7bD8A7C642E807b820C483f87B28f11a796fB37
849,0xe7bD8A7C642E807b820C483f87B28f11a796fB37
850,0xe7bD8A7C642E807b820C483f87B28f11a796fB37
851,0x512E3Eb472D53Df71Db0252cb8dccD25cd05E9e9
852,0xe7bD8A7C642E807b820C483f87B28f11a796fB37
853,0xe7bD8A7C642E807b820C483f87B28f11a796fB37
854,0xe7bD8A7C642E807b820C483f87B28f11a796fB37
855,0xe7bD8A7C642E807b820C483f87B28f11a796fB37
856,0xe7bD8A7C642E807b820C483f87B28f11a796fB37
857,0xe7bD8A7C642E807b820C483f87B28f11a796fB37
858,0xe7bD8A7C642E807b820C483f87B28f11a796fB37
859,0xe7bD8A7C642E807b820C483f87B28f11a796fB37
860,0xe7bD8A7C642E807b820C483f87B28f11a796fB37
861,0xe7bD8A7C642E807b820C483f87B28f11a796fB37
862,0xe7bD8A7C642E807b820C483f87B28f11a796fB37
863,0xe7bD8A7C642E807b820C483f87B28f11a796fB37
864,0xe7bD8A7C642E807b820C483f87B28f11a796fB37
865,0xe7bD8A7C642E807b820C483f87B28f11a796fB37
866,0xe7bD8A7C642E807b820C483f87B28f11a796fB37
867,0xe7bD8A7C642E807b820C483f87B28f11a796fB37
868,0xe7bD8A7C642E807b820C483f87B28f11a796fB37
869,0xe7bD8A7C642E807b820C483f87B28f11a796fB37
870,0xe7bD8A7C642E807b820C483f87B28f11a796fB37
871,0xe7bD8A7C642E807b820C483f87B28f11a796fB37
872,0xe7bD8A7C642E807b820C483f87B28f11a796fB37
873,0xe7bD8A7C642E807b820C483f87B28f11a796fB37
874,0xe7bD8A7C642E807b820C483f87B28f11a796fB37
875,0xe7bD8A7C642E807b820C483f87B28f11a796fB37
876,0xe7bD8A7C642E807b820C483f87B28f11a796fB37
877,0xe7bD8A7C642E807b820C483f87B28f11a796fB37
878,0xe7bD8A7C642E807b820C483f87B28f11a796fB37
879,0xe7bD8A7C642E807b820C483f87B28f11a796fB37
880,0xf435D252B6Dec2B6D764cD78b9C4b51a0667BC26
881,0xe7bD8A7C642E807b820C483f87B28f11a796fB37
882,0xe7bD8A7C642E807b820C483f87B28f11a796fB37
883,0xe7bD8A7C642E807b820C483f87B28f11a796fB37
884,0xe7bD8A7C642E807b820C483f87B28f11a796fB37
885,0xe7bD8A7C642E807b820C483f87B28f11a796fB37
886,0xe7bD8A7C642E807b820C483f87B28f11a796fB37
887,0xe7bD8A7C642E807b820C483f87B28f11a796fB37
888,0xe7bD8A7C642E807b820C483f87B28f11a796fB37
889,0xe7bD8A7C642E807b820C483f87B28f11a796fB37
890,0xe7bD8A7C642E807b820C483f87B28f11a796fB37
891,0xe7bD8A7C642E807b820C483f87B28f11a796fB37
892,0xe7bD8A7C642E807b820C483f87B28f11a796fB37
893,0xe7bD8A7C642E807b820C483f87B28f11a796fB37
894,0xe7bD8A7C642E807b820C483f87B28f11a796fB37
895,0xe7bD8A7C642E807b820C483f87B28f11a796fB37
896,0xe7bD8A7C642E807b820C483f87B28f11a796fB37
897,0xe7bD8A7C642E807b820C483f87B28f11a796fB37
898,0xe7bD8A7C642E807b820C483f87B28f11a796fB37
899,0xe7bD8A7C642E807b820C483f87B28f11a796fB37
900,0xe7bD8A7C642E807b820C483f87B28f11a796fB37
901,0xe7bD8A7C642E807b820C483f87B28f11a796fB37
902,0xe7bD8A7C642E807b820C483f87B28f11a796fB37
903,0xe7bD8A7C642E807b820C483f87B28f11a796fB37
904,0xe7bD8A7C642E807b820C483f87B28f11a796fB37
905,0xe7bD8A7C642E807b820C483f87B28f11a796fB37
906,0xe7bD8A7C642E807b820C483f87B28f11a796fB37
907,0xe7bD8A7C642E807b820C483f87B28f11a796fB37
908,0xe7bD8A7C642E807b820C483f87B28f11a796fB37
909,0xe7bD8A7C642E807b820C483f87B28f11a796fB37
910,0xe7bD8A7C642E807b820C483f87B28f11a796fB37
911,0xe7bD8A7C642E807b820C483f87B28f11a796fB37
912,0xe7bD8A7C642E807b820C483f87B28f11a796fB37
913,0xe7bD8A7C642E807b820C483f87B28f11a796fB37
914,0xe7bD8A7C642E807b820C483f87B28f11a796fB37
915,0xe7bD8A7C642E807b820C483f87B28f11a796fB37
916,0xe7bD8A7C642E807b820C483f87B28f11a796fB37
917,0xe7bD8A7C642E807b820C483f87B28f11a796fB37
918,0xe7bD8A7C642E807b820C483f87B28f11a796fB37
919,0xe7bD8A7C642E807b820C483f87B28f11a796fB37
920,0xe7bD8A7C642E807b820C483f87B28f11a796fB37
921,0xe7bD8A7C642E807b820C483f87B28f11a796fB37
922,0xe7bD8A7C642E807b820C483f87B28f11a796fB37
923,0x94Fc0C2446624E4a1832C12A4712cA110f3C5e3C
924,0xe7bD8A7C642E807b820C483f87B28f11a796fB37
925,0xe7bD8A7C642E807b820C483f87B28f11a796fB37
926,0xe7bD8A7C642E807b820C483f87B28f11a796fB37
927,0xe7bD8A7C642E807b820C483f87B28f11a796fB37
928,0xe7bD8A7C642E807b820C483f87B28f11a796fB37
929,0xe7bD8A7C642E807b820C483f87B28f11a796fB37
930,0x51845FaD9E2Afbc9F6f07cFd60fdBa45dF1e3c2D
931,0xe7bD8A7C642E807b820C483f87B28f11a796fB37
932,0xe7bD8A7C642E807b820C483f87B28f11a796fB37
933,0xe7bD8A7C642E807b820C483f87B28f11a796fB37
934,0xe7bD8A7C642E807b820C483f87B28f11a796fB37
935,0xe7bD8A7C642E807b820C483f87B28f11a796fB37
936,0xe7bD8A7C642E807b820C483f87B28f11a796fB37
937,0xe7bD8A7C642E807b820C483f87B28f11a796fB37
938,0xe7bD8A7C642E807b820C483f87B28f11a796fB37
939,0xe7bD8A7C642E807b820C483f87B28f11a796fB37
940,0xe7bD8A7C642E807b820C483f87B28f11a796fB37
941,0xe7bD8A7C642E807b820C483f87B28f11a796fB37
942,0xe7bD8A7C642E807b820C483f87B28f11a796fB37
943,0xe7bD8A7C642E807b820C483f87B28f11a796fB37
944,0xe7bD8A7C642E807b820C483f87B28f11a796fB37
945,0xe7bD8A7C642E807b820C483f87B28f11a796fB37
946,0xe7bD8A7C642E807b820C483f87B28f11a796fB37
947,0xe7bD8A7C642E807b820C483f87B28f11a796fB37
948,0xe7bD8A7C642E807b820C483f87B28f11a796fB37
949,0xe7bD8A7C642E807b820C483f87B28f11a796fB37
950,0xe7bD8A7C642E807b820C483f87B28f11a796fB37
951,0xe7bD8A7C642E807b820C483f87B28f11a796fB37
952,0xe7bD8A7C642E807b820C483f87B28f11a796fB37
953,0xe7bD8A7C642E807b820C483f87B28f11a796fB37
954,0xe7bD8A7C642E807b820C483f87B28f11a796fB37
955,0xe7bD8A7C642E807b820C483f87B28f11a796fB37
956,0xe7bD8A7C642E807b820C483f87B28f11a796fB37
957,0xe7bD8A7C642E807b820C483f87B28f11a796fB37
958,0xe7bD8A7C642E807b820C483f87B28f11a796fB37
959,0xD895689d4e6390bFd43AeEff844bC8C98E76F7cD
960,0xe7bD8A7C642E807b820C483f87B28f11a796fB37
961,0xe7bD8A7C642E807b820C483f87B28f11a796fB37
962,0xe7bD8A7C642E807b820C483f87B28f11a796fB37
963,0xe7bD8A7C642E807b820C483f87B28f11a796fB37
964,0xe7bD8A7C642E807b820C483f87B28f11a796fB37
965,0xe7bD8A7C642E807b820C483f87B28f11a796fB37
966,0xe7bD8A7C642E807b820C483f87B28f11a796fB37
967,0xe7bD8A7C642E807b820C483f87B28f11a796fB37
968,0xe7bD8A7C642E807b820C483f87B28f11a796fB37
969,0xe7bD8A7C642E807b820C483f87B28f11a796fB37
970,0xe7bD8A7C642E807b820C483f87B28f11a796fB37
971,0xe7bD8A7C642E807b820C483f87B28f11a796fB37
972,0xe7bD8A7C642E807b820C483f87B28f11a796fB37
973,0xe7bD8A7C642E807b820C483f87B28f11a796fB37
974,0xe7bD8A7C642E807b820C483f87B28f11a796fB37
975,0xe7bD8A7C642E807b820C483f87B28f11a796fB37
976,0xe7bD8A7C642E807b820C483f87B28f11a796fB37
977,0xe7bD8A7C642E807b820C483f87B28f11a796fB37
978,0xe7bD8A7C642E807b820C483f87B28f11a796fB37
979,0xe7bD8A7C642E807b820C483f87B28f11a796fB37
980,0xe7bD8A7C642E807b820C483f87B28f11a796fB37
981,0xe7bD8A7C642E807b820C483f87B28f11a796fB37
982,0xe7bD8A7C642E807b820C483f87B28f11a796fB37
983,0xe7bD8A7C642E807b820C483f87B28f11a796fB37
984,0xe7bD8A7C642E807b820C483f87B28f11a796fB37
985,0xe7bD8A7C642E807b820C483f87B28f11a796fB37
986,0xe7bD8A7C642E807b820C483f87B28f11a796fB37
987,0xe7bD8A7C642E807b820C483f87B28f11a796fB37
988,0xe7bD8A7C642E807b820C483f87B28f11a796fB37
989,0xe7bD8A7C642E807b820C483f87B28f11a796fB37
990,0xD895689d4e6390bFd43AeEff844bC8C98E76F7cD
991,0xe7bD8A7C642E807b820C483f87B28f11a796fB37
992,0xe7bD8A7C642E807b820C483f87B28f11a796fB37
993,0xe7bD8A7C642E807b820C483f87B28f11a796fB37
994,0xe7bD8A7C642E807b820C483f87B28f11a796fB37
995,0xe7bD8A7C642E807b820C483f87B28f11a796fB37
996,0xe7bD8A7C642E807b820C483f87B28f11a796fB37
997,0xe7bD8A7C642E807b820C483f87B28f11a796fB37
998,0xe7bD8A7C642E807b820C483f87B28f11a796fB37
999,0xe7bD8A7C642E807b820C483f87B28f11a796fB37
1000,0xe7bD8A7C642E807b820C483f87B28f11a796fB37
